Unnamed: 0,Unnamed: 1,Unnamed: 2,Unnamed: 3,Unnamed: 4,Unnamed: 5,Unnamed: 6,Unnamed: 7,Unnamed: 8
Notes:,SM006,31518,Gabru,230,6,51,11/5/2025,85.63
4,SM006,362,Status,230,No,47,DIP,79.36
48,12/3/2025,909/9,Any Semen of Choice,48,Sardar Fahad Qayyum,74,11/5/2025,79.0
3,11/13/2025,597/9,IVF PREGNANCY REPORT,226,Sardar Fahad Qayyum,25,DIP,77.07
23,12/12/2025,31518,TBD,79,1,33,DIP,69.47
36,Rosetta Mocha 2/4,909/9,F1 Gulabi,1,1,98,DIP,86.35
"1. Dam, sire, recipient tag ID, and embryo transfer dates are accurately documented for genetic traceability and commercial validation.",Beef Master,612,Pride of Maddox,10,JDH Janos Manso 709,15,DIP,70.44
22,11/13/2025,609/9,TBD,402,SIRE,35,11/5/2025,85.97
37,11/13/2025,Recipient TagID,VL Rojo Whiskey 1/48,6,6,98,11/5/2025,73.1
3,Total,609/9,TBD,31890,Pregnant,99,DIP,93.76
36,DAM,909/9,Pride of Maddox,BrafordBBQ,SM007,66,11/5/2025,70.3
36,11/14/2025,163,Recheck,SM006,JDH Janos Manso 709,72,11/5/2025,77.01
48,11/13/2025,31499,Recheck,75,SM007,5,11/5/2025,70.29
35,Rosetta Mocha 2/4,612,Gabru,DAM,1,82,11/5/2025,78.24
7,12/17/2025,31499,Pregnant,DAM,Sardar Fahad Qayyum,28,11/5/2025,84.03
7,Total,765/4,Recheck,169,17-Jan-2026,41,DIP,94.05
55,Beef Master,163,Gabru,75,1,48,11/5/2025,82.57
42,ET Date,765/4,Prepared For,312,8,34,DIP,89.61
Notes:,Braford X,Recipient TagID,Pregnant,202,Sardar Fahad Qayyum,16,DIP,82.48
31,Beef Master,67,SM007,32835,6,82,DIP,89.13
7,DAM,163,Prepared On,226,SM007,2,11/5/2025,85.03
37,12/12/2025,163,Pride of Maddox,32093,Pregnant,31,11/5/2025,89.97
55,11/14/2025,820/4,JDH Janos 709,126,Pregnant,51,DIP,78.19
34,12/3/2025,362,Prepared On,281,SIRE,70,11/5/2025,82.12
Notes:,12/3/2025,820/4,SM007,126,JDH Janos Manso 709,18,DIP,91.21
8,12/3/2025,32115,Karu Manso 800,79,Sardar Fahad Qayyum,60,DIP,70.03
2. This report serves as official delivery confirmation for the client’s IVF order.,12/12/2025,31499,Pregnant,223,Pregnant,99,DIP,69.07
23,Summary ,67,Status,56,6,50,DIP,87.39
37,12/3/2025,825/4,Pregnant,2,1,63,11/5/2025,68.75
4,11/13/2025,765/4,IVF PREGNANCY REPORT,56,17-Jan-2026,35,11/5/2025,92.83
44,Braford X,31518,IVF PREGNANCY REPORT,4,No,67,11/5/2025,70.54
31,11/14/2025,765/4,Pride of Maddox,109,JDH Janos Manso 709,36,11/5/2025,69.77
37,DAM,Recipient TagID,SIRE,95,17-Jan-2026,1,11/5/2025,71.67
50,ET Date,171,Karu Manso 800,169,SIRE,62,11/5/2025,95.49
55,SM006,612,VL Rojo Whiskey 1/48,230,SIRE,51,DIP,94.98
29,12/17/2025,909/9,IVF PREGNANCY REPORT,4,SIRE,12,DIP,84.59
42,Beef Master,609/9,Pregnant,6,JDH Janos Manso 709,47,DIP,89.85
"3. Any further monitoring, calving guarantees, or post-confirmation services are governed by the agreed commercial terms.",Summary ,31499,SM007,Units,JDH Janos Manso 709,12,11/5/2025,95.07
Notes:,12/17/2025,597/9,VL Rojo Whiskey 1/48,109,17-Jan-2026,9,11/5/2025,93.17
25,12/3/2025,909/9,Prepared On,237,Sardar Fahad Qayyum,83,DIP,79.32
6,DAM,612,Prepared On,1,Pregnant,49,DIP,71.71
Sr. No,Rosetta Mocha 2/4,32115,JDH Janos 709,2,Sardar Fahad Qayyum,93,DIP,88.74
23,DAM,67,Status,6,SM007,57,DIP,89.2
34,Summary ,31518,F1 Gulabi,DAM,Pregnant,23,11/5/2025,80.42
5,11/13/2025,820/4,Karu Manso 800,281,JDH Janos Manso 709,55,DIP,81.65
6,BRC Lorraine 402,909/9,JDH Trevor 639,281,JDH Janos Manso 709,39,DIP,73.32
35,Braford X,909/9,Status,6,Sardar Fahad Qayyum,56,DIP,94.39
2,Beef Master,362,Karu Manso 800,226,No,24,DIP,74.18
4,11/13/2025,597/9,Status,95,SM007,97,DIP,80.73
22,12/17/2025,612,JDH Janos 709,75,6,82,DIP,82.56
54,BRC Lorraine 402,612,Gabru,226,Sardar Fahad Qayyum,87,DIP,79.04
29,Rosetta Mocha 2/4,Recipient TagID,TBD,32835,8,15,11/5/2025,71.02
36,BRC Lorraine 402,67,JDH Trevor 639,226,17-Jan-2026,92,11/5/2025,77.9
44,11/14/2025,909/9,MR V8 160/8,SM006,6,23,11/5/2025,72.74
5,11/14/2025,765/4,JDH Trevor 639,56,Pregnant,1,11/5/2025,93.02
Sr. No,Summary ,612,Prepared For,10,SM007,76,DIP,83.36
4,SM006,825/4,Pride of Maddox,169,Pregnant,46,11/5/2025,72.32
53,11/13/2025,612,Black Brahman ,DAM,SM007,34,DIP,74.98
3,12/3/2025,31518,VL Rojo Whiskey 1/48,312,17-Jan-2026,86,11/5/2025,69.14
4,11/14/2025,67,VL Rojo Whiskey 1/48,188,No,87,DIP,74.4
48,12/3/2025,171,Black Brahman ,223,SIRE,93,DIP,69.28
8,Total,171,Status,Units,No,84,11/5/2025,86.83
55,12/3/2025,163,Pride of Maddox,32240,SM007,2,11/5/2025,68.27
44,Summary ,67,Prepared For,226,SIRE,43,11/5/2025,87.72
1,ET Date,612,Recheck,32240,JDH Janos Manso 709,5,DIP,95.35
2. This report serves as official delivery confirmation for the client’s IVF order.,Braford X,909/9,Pride of Maddox,95,No,56,11/5/2025,78.75
22,DAM,609/9,Recheck,56,SM007,19,DIP,87.1
6,12/17/2025,67,JDH Trevor 639,32835,Sardar Fahad Qayyum,37,DIP,73.4
52,12/17/2025,362,Pregnant,226,Sardar Fahad Qayyum,38,DIP,85.48
4,SM006,163,Prepared On,226,6,16,11/5/2025,93.71
53,11/13/2025,Recipient TagID,JDH Trevor 639,2,1,32,DIP,69.7
34,Beef Master,765/4,JDH Janos 709,BrafordBBQ,Sardar Fahad Qayyum,38,DIP,87.55
36,Braford X,163,IVF PREGNANCY REPORT,312,Sardar Fahad Qayyum,10,DIP,73.97
5,BRC Lorraine 402,362,Prepared On,202,JDH Janos Manso 709,75,11/5/2025,83.55
34,11/14/2025,67,F1 Gulabi,109,Sardar Fahad Qayyum,61,11/5/2025,92.02
6,DAM,825/4,JDH Trevor 639,109,SM007,63,11/5/2025,87.61
2,Total,171,Pregnant,31890,6,59,DIP,85.8
49,ET Date,31499,Prepared For,202,Pregnant,9,DIP,74.63
7,Total,231,VL Rojo Whiskey 1/48,223,SM007,10,11/5/2025,94.61
47,Braford X,909/9,SIRE,4,SIRE,11,DIP,74.91
22,SM006,825/4,VL Rojo Whiskey 1/48,75,17-Jan-2026,72,DIP,86.72
47,Summary ,825/4,SM007,312,JDH Janos Manso 709,15,11/5/2025,84.85
55,11/13/2025,163,SIRE,1,JDH Janos Manso 709,25,11/5/2025,72.92
54,ET Date,825/4,Prepared For,10,Sardar Fahad Qayyum,14,DIP,81.27
47,12/17/2025,67,Prepared For,31890,Sardar Fahad Qayyum,56,11/5/2025,71.41
2. This report serves as official delivery confirmation for the client’s IVF order.,SM006,163,Status,312,No,2,11/5/2025,77.76
44,11/14/2025,909/9,Status,48,Pregnant,92,11/5/2025,84.91
34,Rosetta Mocha 2/4,32115,Gabru,188,1,16,11/5/2025,68.41
5,Braford X,Recipient TagID,Prepared For,109,6,44,DIP,95.22
53,12/12/2025,909/9,Gabru,2,No,20,DIP,79.21
3,12/3/2025,31518,JDH Janos 709,281,1,15,DIP,79.25
31,Rosetta Mocha 2/4,909/9,JDH Trevor 639,31890,SIRE,29,DIP,74.1
8,12/12/2025,362,Prepared On,281,No,14,11/5/2025,80.63
23,ET Date,909/9,SIRE,2,6,93,11/5/2025,81.54
50,12/12/2025,32115,Gabru,169,6,92,11/5/2025,96.3
44,ET Date,32115,Black Brahman ,32093,SM007,38,DIP,95.79
23,Beef Master,597/9,TBD,BrafordBBQ,6,63,11/5/2025,90.32
6,11/13/2025,163,SIRE,126,Sardar Fahad Qayyum,31,11/5/2025,78.92
22,DAM,32115,SM007,109,8,11,DIP,72.48
Notes:,Summary ,231,F1 Gulabi,DAM,SIRE,61,DIP,89.68
55,Braford X,362,IVF PREGNANCY REPORT,109,JDH Janos Manso 709,18,DIP,76.7
52,12/3/2025,909/9,Karu Manso 800,226,8,55,DIP,96.12
7,Total,820/4,Prepared For,32093,17-Jan-2026,63,11/5/2025,77.77
42,ET Date,32115,Prepared On,223,SM007,47,11/5/2025,69.15
42,ET Date,609/9,JDH Trevor 639,281,1,27,11/5/2025,80.51
3,Total,31499,JDH Trevor 639,75,SIRE,80,DIP,85.59
22,11/14/2025,171,SIRE,32093,1,12,11/5/2025,93.65
2,ET Date,171,SIRE,48,6,90,DIP,91.5
48,12/17/2025,171,Black Brahman ,6,Sardar Fahad Qayyum,39,11/5/2025,89.38
55,SM006,362,Gabru,230,1,40,11/5/2025,90.85
52,DAM,609/9,This report documents confirmed pregnancies resulting from the bovine IVF and embryo transfer program executed by DayZee Farms (Pvt.) Ltd. All pregnancies listed in this report have been confirmed via ultrasound examination at the recorded DIP.,1,8,81,11/5/2025,79.44
23,ET Date,765/4,Any Semen of Choice,169,8,13,11/5/2025,69.11
44,Summary ,231,Gabru,223,8,81,11/5/2025,74.86
52,Total,231,Recheck,32240,SIRE,50,11/5/2025,86.39
34,SM006,31518,Recheck,223,Pregnant,95,DIP,88.51
3,Total,362,Any Semen of Choice,6,SM007,67,DIP,88.41
31,ET Date,32115,JDH Janos 709,1,Sardar Fahad Qayyum,37,11/5/2025,91.83
48,12/17/2025,820/4,Any Semen of Choice,SM006,1,77,DIP,91.91
Notes:,BRC Lorraine 402,765/4,TBD,281,JDH Janos Manso 709,74,DIP,88.23
48,BRC Lorraine 402,765/4,MR V8 160/8,230,No,4,DIP,79.18
47,11/13/2025,612,Prepared For,237,JDH Janos Manso 709,60,DIP,89.42
3,SM006,909/9,SM007,202,SM007,40,11/5/2025,88.11
47,Braford X,362,SM007,BrafordBBQ,JDH Janos Manso 709,6,DIP,96.24
54,12/3/2025,163,VL Rojo Whiskey 1/48,32093,No,30,11/5/2025,88.02
3,11/13/2025,612,Karu Manso 800,1,Sardar Fahad Qayyum,99,11/5/2025,82.3
34,12/17/2025,820/4,JDH Janos 709,75,Sardar Fahad Qayyum,48,DIP,90.41
5,Total,612,Black Brahman ,56,No,92,11/5/2025,77.92
4,11/13/2025,31499,Recheck,202,JDH Janos Manso 709,79,DIP,89.85
55,11/13/2025,609/9,F1 Gulabi,SM006,Sardar Fahad Qayyum,79,11/5/2025,80.26
54,SM006,231,Any Semen of Choice,126,6,98,DIP,91.65
35,SM006,31518,SIRE,BrafordBBQ,Pregnant,36,11/5/2025,84.85
6,BRC Lorraine 402,597/9,Pride of Maddox,281,JDH Janos Manso 709,40,11/5/2025,87.84
6,11/13/2025,820/4,Prepared For,32093,No,63,11/5/2025,96.34
48,12/17/2025,362,VL Rojo Whiskey 1/48,79,JDH Janos Manso 709,35,11/5/2025,74.47
"3. Any further monitoring, calving guarantees, or post-confirmation services are governed by the agreed commercial terms.",Braford X,Recipient TagID,F1 Gulabi,56,17-Jan-2026,50,11/5/2025,68.43
3,11/14/2025,31499,Pregnant,75,6,65,11/5/2025,70.79
31,Total,612,Prepared For,56,No,39,11/5/2025,75.78
29,12/17/2025,362,VL Rojo Whiskey 1/48,230,No,90,11/5/2025,82.75
55,Total,32115,JDH Janos 709,202,No,88,DIP,96.32
Sr. No,SM006,32115,Pride of Maddox,1,17-Jan-2026,78,11/5/2025,84.34
1,12/17/2025,32115,Pregnant,2,JDH Janos Manso 709,30,11/5/2025,88.96
Sr. No,Rosetta Mocha 2/4,597/9,IVF PREGNANCY REPORT,223,No,76,11/5/2025,78.44
53,12/3/2025,820/4,Prepared On,BrafordBBQ,6,7,DIP,73.94
36,Beef Master,609/9,JDH Trevor 639,6,Pregnant,100,DIP,68.29
"3. Any further monitoring, calving guarantees, or post-confirmation services are governed by the agreed commercial terms.",12/12/2025,909/9,SIRE,6,8,21,DIP,78.64
48,Rosetta Mocha 2/4,171,JDH Trevor 639,169,Pregnant,44,11/5/2025,76.41
36,11/14/2025,31518,Status,230,No,85,DIP,93.18
44,12/3/2025,67,IVF PREGNANCY REPORT,4,1,96,DIP,92.78
50,12/17/2025,597/9,SIRE,31890,8,27,DIP,95.58
49,Summary ,820/4,SIRE,109,6,35,DIP,87.43
37,Rosetta Mocha 2/4,231,Pride of Maddox,230,JDH Janos Manso 709,33,DIP,93.69
29,11/13/2025,171,JDH Trevor 639,10,JDH Janos Manso 709,70,11/5/2025,76.51
50,BRC Lorraine 402,231,MR V8 160/8,79,JDH Janos Manso 709,10,DIP,75.6
52,11/14/2025,765/4,TBD,188,SIRE,81,11/5/2025,94.15
29,Beef Master,Recipient TagID,MR V8 160/8,188,Sardar Fahad Qayyum,19,DIP,68.74
25,12/12/2025,231,TBD,4,JDH Janos Manso 709,45,11/5/2025,71.42
2,12/3/2025,Recipient TagID,Any Semen of Choice,56,1,38,DIP,94.33
37,Total,171,Status,402,1,81,DIP,75.2
25,BRC Lorraine 402,597/9,F1 Gulabi,109,Sardar Fahad Qayyum,68,DIP,70.08
22,12/3/2025,609/9,SIRE,10,17-Jan-2026,70,11/5/2025,79.3
1,SM006,67,Karu Manso 800,230,No,95,11/5/2025,81.62
5,11/13/2025,609/9,Prepared On,109,17-Jan-2026,31,DIP,83.61
47,Braford X,820/4,JDH Trevor 639,169,17-Jan-2026,34,DIP,89.36
52,11/13/2025,362,F1 Gulabi,169,Pregnant,94,11/5/2025,77.58
6,12/12/2025,612,JDH Janos 709,109,Sardar Fahad Qayyum,71,11/5/2025,88.47
34,SM006,163,F1 Gulabi,1,17-Jan-2026,77,DIP,94.52
22,Summary ,362,Recheck,226,8,49,DIP,69.21
47,ET Date,609/9,F1 Gulabi,226,8,35,11/5/2025,89.83
35,Beef Master,825/4,Pregnant,169,17-Jan-2026,18,DIP,94.24
Notes:,Total,Recipient TagID,SM007,48,Pregnant,26,11/5/2025,76.34
4,Beef Master,597/9,This report documents confirmed pregnancies resulting from the bovine IVF and embryo transfer program executed by DayZee Farms (Pvt.) Ltd. All pregnancies listed in this report have been confirmed via ultrasound examination at the recorded DIP.,109,No,45,11/5/2025,87.55
29,Summary ,909/9,Status,31890,Pregnant,51,DIP,93.06
"1. Dam, sire, recipient tag ID, and embryo transfer dates are accurately documented for genetic traceability and commercial validation.",12/3/2025,31518,MR V8 160/8,169,No,7,11/5/2025,89.67
55,11/14/2025,31518,Prepared For,Units,SM007,28,11/5/2025,87.76
25,Rosetta Mocha 2/4,909/9,VL Rojo Whiskey 1/48,SM006,17-Jan-2026,88,DIP,92.4
3,11/13/2025,231,Pregnant,202,6,48,DIP,78.03
48,Summary ,765/4,This report documents confirmed pregnancies resulting from the bovine IVF and embryo transfer program executed by DayZee Farms (Pvt.) Ltd. All pregnancies listed in this report have been confirmed via ultrasound examination at the recorded DIP.,95,Sardar Fahad Qayyum,23,DIP,73.02
3,11/14/2025,31499,JDH Trevor 639,223,17-Jan-2026,31,11/5/2025,77.14
37,11/13/2025,597/9,JDH Trevor 639,BrafordBBQ,JDH Janos Manso 709,49,DIP,95.78
35,12/12/2025,Recipient TagID,Gabru,79,8,48,DIP,71.57
55,SM006,825/4,This report documents confirmed pregnancies resulting from the bovine IVF and embryo transfer program executed by DayZee Farms (Pvt.) Ltd. All pregnancies listed in this report have been confirmed via ultrasound examination at the recorded DIP.,169,JDH Janos Manso 709,23,DIP,69.31
2. This report serves as official delivery confirmation for the client’s IVF order.,Total,231,SM007,126,Sardar Fahad Qayyum,90,DIP,77.29
55,Beef Master,909/9,Karu Manso 800,32835,17-Jan-2026,17,DIP,74.81
48,12/17/2025,765/4,Pregnant,SM006,6,57,DIP,75.63
25,BRC Lorraine 402,32115,VL Rojo Whiskey 1/48,75,Pregnant,77,DIP,89.87
Sr. No,11/14/2025,163,Any Semen of Choice,169,6,76,DIP,83.03
5,Rosetta Mocha 2/4,67,MR V8 160/8,SM006,Pregnant,65,DIP,91.14
1,11/13/2025,31499,This report documents confirmed pregnancies resulting from the bovine IVF and embryo transfer program executed by DayZee Farms (Pvt.) Ltd. All pregnancies listed in this report have been confirmed via ultrasound examination at the recorded DIP.,230,Pregnant,40,11/5/2025,80.26
"1. Dam, sire, recipient tag ID, and embryo transfer dates are accurately documented for genetic traceability and commercial validation.",12/3/2025,597/9,Any Semen of Choice,169,8,79,DIP,71.85
8,12/12/2025,909/9,SM007,402,No,79,DIP,81.57
"1. Dam, sire, recipient tag ID, and embryo transfer dates are accurately documented for genetic traceability and commercial validation.",Rosetta Mocha 2/4,Recipient TagID,Status,202,1,12,11/5/2025,87.34
3,Total,909/9,JDH Janos 709,2,No,34,11/5/2025,89.6
48,DAM,612,Pride of Maddox,SM006,SIRE,75,11/5/2025,84.71
53,SM006,31499,Karu Manso 800,1,No,49,11/5/2025,85.67
52,Summary ,Recipient TagID,MR V8 160/8,4,6,89,DIP,69.6
Sr. No,12/3/2025,163,JDH Janos 709,56,17-Jan-2026,62,DIP,78.06
2. This report serves as official delivery confirmation for the client’s IVF order.,DAM,231,Status,188,SIRE,19,DIP,82.81
"1. Dam, sire, recipient tag ID, and embryo transfer dates are accurately documented for genetic traceability and commercial validation.",ET Date,31499,JDH Trevor 639,402,8,74,11/5/2025,91.27
44,Braford X,163,MR V8 160/8,169,Sardar Fahad Qayyum,10,11/5/2025,75.88
3,DAM,31518,VL Rojo Whiskey 1/48,281,1,27,DIP,80.01
47,Braford X,Recipient TagID,Gabru,223,Pregnant,53,11/5/2025,91.0
35,11/13/2025,825/4,This report documents confirmed pregnancies resulting from the bovine IVF and embryo transfer program executed by DayZee Farms (Pvt.) Ltd. All pregnancies listed in this report have been confirmed via ultrasound examination at the recorded DIP.,223,1,3,11/5/2025,82.78
2,BRC Lorraine 402,Recipient TagID,Prepared For,109,SIRE,25,DIP,68.08
"1. Dam, sire, recipient tag ID, and embryo transfer dates are accurately documented for genetic traceability and commercial validation.",Braford X,31499,Prepared On,95,6,52,DIP,90.08
31,12/17/2025,Recipient TagID,Karu Manso 800,2,Pregnant,39,11/5/2025,79.85
Sr. No,12/12/2025,Recipient TagID,SM007,BrafordBBQ,SM007,69,11/5/2025,84.99
6,SM006,612,Pride of Maddox,56,JDH Janos Manso 709,88,DIP,86.67
48,12/12/2025,820/4,SIRE,202,SM007,80,DIP,83.47
1,Summary ,231,Recheck,402,Pregnant,19,11/5/2025,92.84
Notes:,Total,362,MR V8 160/8,79,8,29,11/5/2025,82.4
55,11/14/2025,820/4,TBD,223,8,27,11/5/2025,75.84
"3. Any further monitoring, calving guarantees, or post-confirmation services are governed by the agreed commercial terms.",DAM,67,Black Brahman ,10,8,48,DIP,68.97
44,SM006,31518,Gabru,226,6,73,DIP,80.61
52,12/12/2025,231,Pride of Maddox,SM006,1,62,11/5/2025,94.36
2. This report serves as official delivery confirmation for the client’s IVF order.,12/3/2025,609/9,Black Brahman ,SM006,Pregnant,26,DIP,71.44
44,12/12/2025,163,IVF PREGNANCY REPORT,BrafordBBQ,SIRE,38,DIP,68.26
22,ET Date,909/9,TBD,75,SIRE,53,11/5/2025,86.09
29,DAM,820/4,Pride of Maddox,226,17-Jan-2026,15,DIP,76.19
23,Braford X,67,Prepared For,4,JDH Janos Manso 709,29,11/5/2025,77.52
"1. Dam, sire, recipient tag ID, and embryo transfer dates are accurately documented for genetic traceability and commercial validation.",SM006,597/9,Gabru,402,1,48,11/5/2025,88.02
48,Summary ,612,SIRE,109,6,49,11/5/2025,89.53
35,SM006,612,Status,32835,SIRE,70,DIP,75.69
55,Beef Master,231,SIRE,402,6,91,11/5/2025,84.52
"1. Dam, sire, recipient tag ID, and embryo transfer dates are accurately documented for genetic traceability and commercial validation.",ET Date,31499,Karu Manso 800,10,No,100,11/5/2025,77.26
Sr. No,Summary ,597/9,JDH Janos 709,4,No,90,DIP,73.78
"1. Dam, sire, recipient tag ID, and embryo transfer dates are accurately documented for genetic traceability and commercial validation.",12/17/2025,67,Karu Manso 800,32093,Sardar Fahad Qayyum,94,DIP,77.27
36,12/12/2025,909/9,Black Brahman ,32835,1,22,11/5/2025,94.4
47,SM006,612,Status,Units,1,24,DIP,77.24
2,11/14/2025,67,MR V8 160/8,75,JDH Janos Manso 709,80,DIP,85.32
47,Total,67,JDH Janos 709,Units,1,60,DIP,84.34
49,Rosetta Mocha 2/4,231,JDH Janos 709,SM006,6,74,11/5/2025,84.48
47,12/3/2025,163,SM007,402,JDH Janos Manso 709,46,11/5/2025,73.15
25,DAM,31499,This report documents confirmed pregnancies resulting from the bovine IVF and embryo transfer program executed by DayZee Farms (Pvt.) Ltd. All pregnancies listed in this report have been confirmed via ultrasound examination at the recorded DIP.,48,Sardar Fahad Qayyum,63,11/5/2025,94.7
31,SM006,231,F1 Gulabi,32240,JDH Janos Manso 709,81,DIP,86.74
47,Total,820/4,Status,31890,SM007,79,11/5/2025,73.9
54,SM006,362,Black Brahman ,4,17-Jan-2026,84,DIP,92.81
7,DAM,765/4,Karu Manso 800,281,17-Jan-2026,24,DIP,72.27
47,12/12/2025,67,Pregnant,126,8,21,DIP,83.54
22,Beef Master,31518,Prepared For,DAM,Pregnant,31,DIP,96.88
6,Beef Master,825/4,SIRE,32093,SIRE,47,DIP,71.93
8,Summary ,765/4,Black Brahman ,169,1,60,DIP,85.15
5,Beef Master,Recipient TagID,Recheck,223,17-Jan-2026,76,11/5/2025,89.61
29,Total,597/9,Any Semen of Choice,1,6,54,11/5/2025,90.66
34,ET Date,31499,Gabru,126,SIRE,45,11/5/2025,79.8
52,Summary ,612,JDH Janos 709,Units,Pregnant,15,11/5/2025,86.3
55,11/13/2025,825/4,VL Rojo Whiskey 1/48,75,No,70,DIP,90.79
53,11/13/2025,597/9,SM007,202,SIRE,25,DIP,93.88
48,Beef Master,765/4,Status,202,Pregnant,9,11/5/2025,69.28
31,12/3/2025,765/4,Pride of Maddox,188,6,59,DIP,76.13
36,12/12/2025,163,Black Brahman ,95,SM007,82,11/5/2025,79.29
6,12/17/2025,820/4,This report documents confirmed pregnancies resulting from the bovine IVF and embryo transfer program executed by DayZee Farms (Pvt.) Ltd. All pregnancies listed in this report have been confirmed via ultrasound examination at the recorded DIP.,SM006,JDH Janos Manso 709,91,DIP,73.06
2,Rosetta Mocha 2/4,609/9,Pregnant,BrafordBBQ,17-Jan-2026,9,11/5/2025,73.78
2. This report serves as official delivery confirmation for the client’s IVF order.,BRC Lorraine 402,31518,Prepared For,312,Pregnant,96,DIP,82.27
7,Summary ,597/9,Any Semen of Choice,95,SIRE,19,DIP,76.74
8,12/12/2025,31518,Prepared On,95,17-Jan-2026,48,DIP,92.83
36,BRC Lorraine 402,31518,Prepared For,SM006,6,7,11/5/2025,77.38
47,Beef Master,171,JDH Trevor 639,230,No,62,DIP,77.6
50,11/14/2025,825/4,Prepared On,1,JDH Janos Manso 709,61,DIP,70.97
55,12/12/2025,362,Gabru,4,Sardar Fahad Qayyum,77,11/5/2025,68.22
7,Summary ,171,Gabru,4,6,72,11/5/2025,78.01
47,Beef Master,597/9,Any Semen of Choice,79,SM007,97,11/5/2025,89.4
29,11/14/2025,31518,Karu Manso 800,2,Pregnant,11,DIP,87.05
37,12/12/2025,909/9,VL Rojo Whiskey 1/48,DAM,No,56,11/5/2025,72.02
8,12/12/2025,231,MR V8 160/8,202,SM007,30,11/5/2025,86.89
53,11/13/2025,Recipient TagID,This report documents confirmed pregnancies resulting from the bovine IVF and embryo transfer program executed by DayZee Farms (Pvt.) Ltd. All pregnancies listed in this report have been confirmed via ultrasound examination at the recorded DIP.,281,SM007,65,DIP,76.83
23,12/17/2025,765/4,Recheck,BrafordBBQ,No,34,11/5/2025,79.23
48,Beef Master,765/4,Status,79,SM007,80,11/5/2025,84.94
4,12/3/2025,32115,MR V8 160/8,169,Sardar Fahad Qayyum,6,11/5/2025,92.0
25,BRC Lorraine 402,231,IVF PREGNANCY REPORT,202,SIRE,26,11/5/2025,88.59
22,SM006,825/4,Karu Manso 800,1,JDH Janos Manso 709,44,DIP,69.82
55,11/13/2025,163,JDH Trevor 639,56,17-Jan-2026,43,DIP,79.94
36,DAM,163,IVF PREGNANCY REPORT,75,Pregnant,57,11/5/2025,77.74
34,DAM,67,Recheck,DAM,JDH Janos Manso 709,47,DIP,91.23
22,Braford X,163,SIRE,188,6,66,11/5/2025,92.52
Sr. No,11/13/2025,909/9,MR V8 160/8,Units,No,65,11/5/2025,77.56
"1. Dam, sire, recipient tag ID, and embryo transfer dates are accurately documented for genetic traceability and commercial validation.",11/14/2025,31518,This report documents confirmed pregnancies resulting from the bovine IVF and embryo transfer program executed by DayZee Farms (Pvt.) Ltd. All pregnancies listed in this report have been confirmed via ultrasound examination at the recorded DIP.,Units,JDH Janos Manso 709,88,11/5/2025,92.32
"1. Dam, sire, recipient tag ID, and embryo transfer dates are accurately documented for genetic traceability and commercial validation.",DAM,765/4,F1 Gulabi,48,1,20,DIP,73.26
52,ET Date,163,Pride of Maddox,126,8,17,11/5/2025,83.5
37,12/3/2025,231,MR V8 160/8,226,8,59,DIP,76.37
Notes:,BRC Lorraine 402,609/9,Pride of Maddox,2,No,68,DIP,92.86
52,Braford X,362,SIRE,95,Pregnant,38,DIP,94.36
4,Braford X,231,TBD,48,SIRE,92,11/5/2025,90.66
34,11/13/2025,231,TBD,32093,17-Jan-2026,90,11/5/2025,96.93
"1. Dam, sire, recipient tag ID, and embryo transfer dates are accurately documented for genetic traceability and commercial validation.",12/17/2025,765/4,TBD,SM006,Sardar Fahad Qayyum,33,DIP,86.42
25,BRC Lorraine 402,597/9,VL Rojo Whiskey 1/48,230,Sardar Fahad Qayyum,67,11/5/2025,90.68
55,12/17/2025,362,JDH Trevor 639,32240,17-Jan-2026,76,11/5/2025,89.18
3,Rosetta Mocha 2/4,171,Pregnant,6,SIRE,57,DIP,91.89
6,Summary ,825/4,TBD,48,8,1,DIP,78.87
2,SM006,612,SM007,402,SIRE,78,11/5/2025,71.96
6,12/17/2025,820/4,Any Semen of Choice,48,Pregnant,25,11/5/2025,87.84
6,12/17/2025,67,Gabru,32835,6,68,DIP,95.93
53,12/3/2025,31518,Gabru,223,Pregnant,38,DIP,89.66
31,Braford X,31499,Prepared For,109,No,91,DIP,89.49
50,11/13/2025,597/9,Gabru,169,SM007,68,11/5/2025,85.53
Notes:,DAM,31499,VL Rojo Whiskey 1/48,6,17-Jan-2026,4,DIP,95.57
44,12/3/2025,32115,TBD,1,1,76,DIP,84.1
53,SM006,820/4,Pregnant,169,1,63,DIP,86.03
49,SM006,597/9,MR V8 160/8,79,1,48,DIP,81.38
1,11/14/2025,765/4,This report documents confirmed pregnancies resulting from the bovine IVF and embryo transfer program executed by DayZee Farms (Pvt.) Ltd. All pregnancies listed in this report have been confirmed via ultrasound examination at the recorded DIP.,281,6,74,11/5/2025,69.97
49,SM006,171,Black Brahman ,DAM,SIRE,97,DIP,71.31
25,DAM,825/4,VL Rojo Whiskey 1/48,6,1,37,11/5/2025,88.17
49,11/14/2025,Recipient TagID,Karu Manso 800,237,JDH Janos Manso 709,74,11/5/2025,78.05
2. This report serves as official delivery confirmation for the client’s IVF order.,BRC Lorraine 402,Recipient TagID,VL Rojo Whiskey 1/48,56,SIRE,54,11/5/2025,74.79
2. This report serves as official delivery confirmation for the client’s IVF order.,Rosetta Mocha 2/4,163,IVF PREGNANCY REPORT,95,SM007,94,DIP,76.79
34,Beef Master,171,Pride of Maddox,2,Sardar Fahad Qayyum,85,DIP,94.08
Sr. No,11/14/2025,Recipient TagID,Recheck,226,1,25,11/5/2025,72.7
48,Summary ,Recipient TagID,Karu Manso 800,202,Pregnant,11,DIP,93.5
"1. Dam, sire, recipient tag ID, and embryo transfer dates are accurately documented for genetic traceability and commercial validation.",DAM,765/4,IVF PREGNANCY REPORT,31890,1,23,11/5/2025,76.87
2,SM006,362,Black Brahman ,6,No,68,11/5/2025,78.04
31,Total,31499,Pregnant,109,Sardar Fahad Qayyum,98,DIP,87.57
36,Beef Master,163,Pregnant,Units,17-Jan-2026,83,DIP,89.37
2. This report serves as official delivery confirmation for the client’s IVF order.,11/13/2025,825/4,Status,281,Pregnant,45,DIP,89.71
49,Summary ,231,Status,1,Sardar Fahad Qayyum,84,DIP,94.26
29,SM006,163,This report documents confirmed pregnancies resulting from the bovine IVF and embryo transfer program executed by DayZee Farms (Pvt.) Ltd. All pregnancies listed in this report have been confirmed via ultrasound examination at the recorded DIP.,230,8,81,11/5/2025,69.57
8,12/3/2025,597/9,VL Rojo Whiskey 1/48,79,No,88,11/5/2025,74.27
50,SM006,Recipient TagID,Pregnant,32093,17-Jan-2026,90,DIP,93.52
42,12/17/2025,231,IVF PREGNANCY REPORT,223,Pregnant,68,DIP,83.44
36,DAM,231,Pride of Maddox,126,Pregnant,76,11/5/2025,91.23
44,11/13/2025,820/4,Gabru,Units,17-Jan-2026,71,DIP,87.17
52,11/14/2025,820/4,Prepared On,75,SIRE,2,DIP,93.91
47,Rosetta Mocha 2/4,609/9,Recheck,BrafordBBQ,1,39,11/5/2025,74.52
47,Total,612,Karu Manso 800,402,No,77,11/5/2025,94.88
2. This report serves as official delivery confirmation for the client’s IVF order.,Braford X,362,Prepared On,4,Sardar Fahad Qayyum,38,11/5/2025,90.97
Notes:,Braford X,231,This report documents confirmed pregnancies resulting from the bovine IVF and embryo transfer program executed by DayZee Farms (Pvt.) Ltd. All pregnancies listed in this report have been confirmed via ultrasound examination at the recorded DIP.,312,SM007,23,DIP,89.06
54,SM006,67,Pregnant,188,No,44,11/5/2025,82.29
49,Braford X,231,Prepared For,188,No,59,11/5/2025,85.71
23,12/3/2025,909/9,TBD,95,Pregnant,79,DIP,83.95
42,Summary ,Recipient TagID,TBD,6,17-Jan-2026,64,DIP,89.96
Sr. No,SM006,612,Any Semen of Choice,Units,SM007,80,DIP,72.45
31,SM006,609/9,Pride of Maddox,10,8,95,11/5/2025,87.41
8,11/13/2025,31518,TBD,226,JDH Janos Manso 709,39,11/5/2025,77.55
2. This report serves as official delivery confirmation for the client’s IVF order.,Braford X,765/4,Pride of Maddox,281,Sardar Fahad Qayyum,56,DIP,82.37
44,DAM,609/9,Black Brahman ,230,Pregnant,80,11/5/2025,87.13
55,Braford X,820/4,MR V8 160/8,169,17-Jan-2026,23,DIP,87.46
52,Beef Master,Recipient TagID,Pregnant,48,1,92,11/5/2025,68.51
"1. Dam, sire, recipient tag ID, and embryo transfer dates are accurately documented for genetic traceability and commercial validation.",BRC Lorraine 402,67,SM007,32835,1,5,DIP,92.71
"1. Dam, sire, recipient tag ID, and embryo transfer dates are accurately documented for genetic traceability and commercial validation.",Total,597/9,JDH Trevor 639,Units,1,99,11/5/2025,90.12
37,12/3/2025,Recipient TagID,Recheck,DAM,1,65,DIP,87.81
Sr. No,12/12/2025,67,Black Brahman ,79,1,34,DIP,73.33
29,DAM,825/4,F1 Gulabi,312,Pregnant,76,DIP,91.48
23,11/14/2025,Recipient TagID,F1 Gulabi,75,Sardar Fahad Qayyum,35,DIP,91.99
6,Total,765/4,SIRE,31890,SM007,17,DIP,84.92
44,ET Date,820/4,IVF PREGNANCY REPORT,32240,JDH Janos Manso 709,52,11/5/2025,87.32
1,BRC Lorraine 402,Recipient TagID,Pride of Maddox,4,1,76,11/5/2025,83.8
44,Rosetta Mocha 2/4,909/9,VL Rojo Whiskey 1/48,79,17-Jan-2026,2,DIP,71.55
"1. Dam, sire, recipient tag ID, and embryo transfer dates are accurately documented for genetic traceability and commercial validation.",Summary ,31518,Prepared On,226,Pregnant,98,DIP,76.87
48,ET Date,Recipient TagID,SM007,226,Pregnant,51,11/5/2025,80.62
50,Total,362,Karu Manso 800,169,SM007,99,DIP,94.89
Sr. No,11/14/2025,163,Karu Manso 800,6,1,2,11/5/2025,71.59
4,12/12/2025,362,TBD,SM006,Sardar Fahad Qayyum,22,DIP,84.4
"3. Any further monitoring, calving guarantees, or post-confirmation services are governed by the agreed commercial terms.",12/3/2025,597/9,Gabru,312,SM007,54,DIP,70.52
29,11/14/2025,Recipient TagID,Status,75,1,46,11/5/2025,85.56
34,11/14/2025,362,Any Semen of Choice,79,JDH Janos Manso 709,98,DIP,83.43
55,ET Date,597/9,Any Semen of Choice,Units,SIRE,85,11/5/2025,85.98
34,11/14/2025,909/9,VL Rojo Whiskey 1/48,48,SIRE,24,11/5/2025,80.74
42,SM006,171,MR V8 160/8,32835,Pregnant,32,DIP,84.97
34,BRC Lorraine 402,32115,Status,48,8,38,DIP,92.09
44,12/3/2025,820/4,Black Brahman ,109,6,32,11/5/2025,72.61
25,11/14/2025,171,This report documents confirmed pregnancies resulting from the bovine IVF and embryo transfer program executed by DayZee Farms (Pvt.) Ltd. All pregnancies listed in this report have been confirmed via ultrasound examination at the recorded DIP.,237,SM007,69,11/5/2025,75.23
35,DAM,31518,TBD,31890,No,72,11/5/2025,82.15
55,Summary ,597/9,SM007,48,SM007,20,11/5/2025,68.33
23,12/12/2025,825/4,Prepared For,188,6,35,11/5/2025,74.96
34,12/12/2025,171,Prepared For,BrafordBBQ,Sardar Fahad Qayyum,40,DIP,79.84
2,Summary ,612,Any Semen of Choice,126,JDH Janos Manso 709,62,DIP,87.05
Notes:,Rosetta Mocha 2/4,820/4,TBD,230,SIRE,2,11/5/2025,95.56
31,Summary ,163,JDH Trevor 639,95,JDH Janos Manso 709,51,DIP,85.92
3,DAM,820/4,VL Rojo Whiskey 1/48,75,17-Jan-2026,92,DIP,96.3
7,12/3/2025,231,Any Semen of Choice,48,JDH Janos Manso 709,92,DIP,92.38
6,11/13/2025,612,SM007,95,17-Jan-2026,20,11/5/2025,91.27
3,BRC Lorraine 402,909/9,IVF PREGNANCY REPORT,32240,SIRE,27,DIP,72.98
3,DAM,171,Any Semen of Choice,312,Pregnant,42,DIP,84.39
36,DAM,32115,VL Rojo Whiskey 1/48,230,No,71,DIP,92.73
5,DAM,231,Black Brahman ,188,JDH Janos Manso 709,30,DIP,70.66
8,Braford X,597/9,VL Rojo Whiskey 1/48,75,Sardar Fahad Qayyum,39,DIP,91.41
23,Braford X,31499,VL Rojo Whiskey 1/48,10,JDH Janos Manso 709,81,11/5/2025,69.79
31,Beef Master,909/9,TBD,188,SM007,63,DIP,87.0
4,Summary ,909/9,Recheck,2,17-Jan-2026,27,11/5/2025,81.7
53,12/17/2025,171,Status,188,Pregnant,59,11/5/2025,71.3
"1. Dam, sire, recipient tag ID, and embryo transfer dates are accurately documented for genetic traceability and commercial validation.",Beef Master,31499,SIRE,95,8,30,11/5/2025,91.03
"1. Dam, sire, recipient tag ID, and embryo transfer dates are accurately documented for genetic traceability and commercial validation.",ET Date,31518,IVF PREGNANCY REPORT,79,No,12,11/5/2025,76.99
Sr. No,SM006,362,F1 Gulabi,6,No,68,DIP,96.39
37,Rosetta Mocha 2/4,171,JDH Janos 709,223,Sardar Fahad Qayyum,74,DIP,72.98
36,Total,597/9,Prepared On,169,JDH Janos Manso 709,91,DIP,69.13
34,Summary ,612,Pregnant,95,SM007,12,11/5/2025,72.62
4,DAM,612,MR V8 160/8,109,JDH Janos Manso 709,25,DIP,77.34
23,Rosetta Mocha 2/4,597/9,Prepared For,DAM,No,49,DIP,85.26
7,ET Date,231,Recheck,109,No,58,11/5/2025,91.78
35,SM006,597/9,JDH Janos 709,281,SIRE,49,11/5/2025,81.28
53,DAM,231,IVF PREGNANCY REPORT,1,JDH Janos Manso 709,35,11/5/2025,81.43
"3. Any further monitoring, calving guarantees, or post-confirmation services are governed by the agreed commercial terms.",BRC Lorraine 402,163,MR V8 160/8,10,SM007,72,DIP,93.06
48,SM006,67,JDH Janos 709,95,Sardar Fahad Qayyum,19,11/5/2025,70.11
22,SM006,765/4,Karu Manso 800,10,1,69,DIP,70.89
53,11/13/2025,609/9,Karu Manso 800,79,No,18,11/5/2025,73.81
50,SM006,231,SM007,230,17-Jan-2026,28,DIP,78.88
22,Summary ,609/9,Karu Manso 800,188,SM007,46,11/5/2025,70.93
36,11/14/2025,31518,Recheck,48,SIRE,51,DIP,77.53
54,SM006,231,VL Rojo Whiskey 1/48,56,8,57,DIP,74.27
25,12/17/2025,825/4,SIRE,281,1,81,DIP,71.83
42,Summary ,909/9,Prepared On,BrafordBBQ,17-Jan-2026,88,11/5/2025,85.65
6,BRC Lorraine 402,362,Any Semen of Choice,281,SM007,53,DIP,73.61
50,SM006,825/4,Recheck,SM006,17-Jan-2026,49,11/5/2025,72.61
50,DAM,909/9,Black Brahman ,BrafordBBQ,JDH Janos Manso 709,52,DIP,81.89
54,11/14/2025,163,Karu Manso 800,312,Pregnant,12,11/5/2025,90.84
2. This report serves as official delivery confirmation for the client’s IVF order.,SM006,163,Karu Manso 800,32093,17-Jan-2026,62,11/5/2025,91.5
1,DAM,Recipient TagID,Recheck,BrafordBBQ,SM007,46,11/5/2025,81.65
48,12/3/2025,612,Black Brahman ,32093,6,30,11/5/2025,93.81
36,Beef Master,163,MR V8 160/8,Units,SIRE,99,11/5/2025,86.36
44,Beef Master,67,Gabru,32093,17-Jan-2026,92,11/5/2025,72.66
31,Rosetta Mocha 2/4,612,JDH Janos 709,DAM,6,10,11/5/2025,88.8
47,12/12/2025,765/4,JDH Janos 709,281,SIRE,79,DIP,69.17
52,BRC Lorraine 402,765/4,SM007,75,8,17,11/5/2025,96.03
35,Beef Master,362,Pregnant,281,SM007,44,DIP,68.92
7,Rosetta Mocha 2/4,609/9,SM007,32093,6,41,DIP,91.49
55,12/12/2025,825/4,Prepared For,188,6,70,DIP,76.11
53,Summary ,909/9,This report documents confirmed pregnancies resulting from the bovine IVF and embryo transfer program executed by DayZee Farms (Pvt.) Ltd. All pregnancies listed in this report have been confirmed via ultrasound examination at the recorded DIP.,402,1,47,DIP,74.89
31,SM006,825/4,JDH Trevor 639,32835,Pregnant,2,DIP,73.3
54,Rosetta Mocha 2/4,609/9,SIRE,32835,17-Jan-2026,8,11/5/2025,71.75
47,SM006,31499,Gabru,223,Sardar Fahad Qayyum,84,11/5/2025,83.27
35,SM006,31518,VL Rojo Whiskey 1/48,402,8,50,DIP,75.03
53,BRC Lorraine 402,171,Status,237,Sardar Fahad Qayyum,52,11/5/2025,68.68
4,12/3/2025,231,Black Brahman ,Units,JDH Janos Manso 709,85,DIP,94.15
31,BRC Lorraine 402,612,Recheck,402,Sardar Fahad Qayyum,12,11/5/2025,78.83
35,DAM,171,Recheck,226,SIRE,76,11/5/2025,76.11
54,12/17/2025,609/9,F1 Gulabi,31890,SIRE,7,11/5/2025,74.29
37,12/17/2025,Recipient TagID,Pride of Maddox,169,Sardar Fahad Qayyum,29,11/5/2025,70.26
1,Braford X,31499,JDH Janos 709,32835,JDH Janos Manso 709,50,11/5/2025,90.22
2. This report serves as official delivery confirmation for the client’s IVF order.,Summary ,231,JDH Trevor 639,48,1,91,DIP,81.13
53,Beef Master,231,Pride of Maddox,75,1,78,11/5/2025,69.38
47,ET Date,825/4,This report documents confirmed pregnancies resulting from the bovine IVF and embryo transfer program executed by DayZee Farms (Pvt.) Ltd. All pregnancies listed in this report have been confirmed via ultrasound examination at the recorded DIP.,79,Pregnant,74,DIP,72.31
42,Rosetta Mocha 2/4,67,VL Rojo Whiskey 1/48,109,Pregnant,1,11/5/2025,83.96
"3. Any further monitoring, calving guarantees, or post-confirmation services are governed by the agreed commercial terms.",11/13/2025,362,Black Brahman ,79,SM007,61,DIP,75.53
22,12/3/2025,171,Karu Manso 800,188,8,77,11/5/2025,78.42
37,12/12/2025,609/9,TBD,126,17-Jan-2026,29,DIP,88.99
8,ET Date,597/9,Recheck,188,SM007,25,11/5/2025,76.64
4,BRC Lorraine 402,163,Any Semen of Choice,188,SIRE,41,DIP,81.96
53,ET Date,612,This report documents confirmed pregnancies resulting from the bovine IVF and embryo transfer program executed by DayZee Farms (Pvt.) Ltd. All pregnancies listed in this report have been confirmed via ultrasound examination at the recorded DIP.,79,Pregnant,43,11/5/2025,87.61
8,Beef Master,31518,JDH Janos 709,230,17-Jan-2026,99,11/5/2025,79.9
50,Braford X,Recipient TagID,TBD,109,SIRE,80,DIP,69.11
34,11/14/2025,765/4,Recheck,32835,SM007,97,11/5/2025,90.41
6,12/17/2025,362,This report documents confirmed pregnancies resulting from the bovine IVF and embryo transfer program executed by DayZee Farms (Pvt.) Ltd. All pregnancies listed in this report have been confirmed via ultrasound examination at the recorded DIP.,312,JDH Janos Manso 709,49,DIP,92.26
47,12/12/2025,Recipient TagID,Karu Manso 800,281,17-Jan-2026,100,DIP,93.49
6,12/17/2025,31518,Prepared For,188,Pregnant,22,11/5/2025,84.54
47,Summary ,31499,IVF PREGNANCY REPORT,31890,No,7,11/5/2025,76.37
36,Total,32115,Recheck,48,No,42,DIP,96.22
7,SM006,231,Karu Manso 800,1,SM007,83,11/5/2025,81.06
3,Summary ,825/4,Pride of Maddox,4,JDH Janos Manso 709,92,11/5/2025,95.61
31,DAM,362,F1 Gulabi,32240,SM007,56,DIP,69.94
49,12/17/2025,163,MR V8 160/8,Units,Sardar Fahad Qayyum,18,DIP,72.92
47,12/3/2025,820/4,Pregnant,312,Sardar Fahad Qayyum,78,11/5/2025,88.13
31,Beef Master,171,SIRE,32835,Sardar Fahad Qayyum,95,11/5/2025,78.39
"3. Any further monitoring, calving guarantees, or post-confirmation services are governed by the agreed commercial terms.",Total,825/4,MR V8 160/8,95,17-Jan-2026,1,DIP,82.14
8,12/12/2025,31499,Any Semen of Choice,56,6,82,DIP,74.22
31,Total,31518,VL Rojo Whiskey 1/48,230,No,48,DIP,70.65
2. This report serves as official delivery confirmation for the client’s IVF order.,Beef Master,820/4,Karu Manso 800,56,8,66,DIP,68.13
4,BRC Lorraine 402,820/4,TBD,79,Pregnant,62,DIP,91.72
48,12/3/2025,597/9,TBD,56,Pregnant,70,DIP,91.31
"1. Dam, sire, recipient tag ID, and embryo transfer dates are accurately documented for genetic traceability and commercial validation.",Summary ,765/4,Gabru,402,8,87,11/5/2025,81.93
49,Rosetta Mocha 2/4,765/4,JDH Janos 709,Units,1,71,DIP,88.8
54,BRC Lorraine 402,909/9,Gabru,Units,8,88,11/5/2025,74.36
1,11/13/2025,32115,Karu Manso 800,226,1,85,11/5/2025,82.3
1,12/12/2025,31499,VL Rojo Whiskey 1/48,4,SM007,70,DIP,82.35
36,Total,32115,Pregnant,10,1,26,DIP,72.28
48,DAM,612,Status,402,SM007,61,11/5/2025,82.81
1,DAM,825/4,This report documents confirmed pregnancies resulting from the bovine IVF and embryo transfer program executed by DayZee Farms (Pvt.) Ltd. All pregnancies listed in this report have been confirmed via ultrasound examination at the recorded DIP.,223,1,23,11/5/2025,75.95
4,Total,362,Prepared For,1,No,5,11/5/2025,95.77
37,11/13/2025,32115,IVF PREGNANCY REPORT,402,8,89,DIP,93.13
55,12/3/2025,32115,F1 Gulabi,188,Sardar Fahad Qayyum,67,DIP,92.17
25,ET Date,171,JDH Janos 709,126,SIRE,96,11/5/2025,80.15
4,12/12/2025,597/9,SIRE,32240,8,30,11/5/2025,71.09
2. This report serves as official delivery confirmation for the client’s IVF order.,11/13/2025,31499,F1 Gulabi,95,JDH Janos Manso 709,13,11/5/2025,83.15
53,Summary ,67,This report documents confirmed pregnancies resulting from the bovine IVF and embryo transfer program executed by DayZee Farms (Pvt.) Ltd. All pregnancies listed in this report have been confirmed via ultrasound examination at the recorded DIP.,BrafordBBQ,Sardar Fahad Qayyum,72,11/5/2025,86.2
37,12/3/2025,825/4,Status,6,JDH Janos Manso 709,96,DIP,81.49
2,DAM,163,Pregnant,281,Sardar Fahad Qayyum,75,DIP,89.15
25,Beef Master,909/9,Karu Manso 800,31890,Sardar Fahad Qayyum,100,11/5/2025,76.28
53,DAM,609/9,SIRE,32240,JDH Janos Manso 709,19,11/5/2025,71.89
8,Beef Master,820/4,F1 Gulabi,202,Sardar Fahad Qayyum,40,11/5/2025,93.42
35,11/14/2025,31499,Prepared For,1,JDH Janos Manso 709,57,DIP,83.54
4,11/14/2025,31518,JDH Trevor 639,32093,No,85,11/5/2025,89.55
Notes:,11/14/2025,765/4,Recheck,95,SM007,79,DIP,88.08
52,BRC Lorraine 402,765/4,Status,230,17-Jan-2026,100,DIP,74.25
Notes:,Rosetta Mocha 2/4,825/4,MR V8 160/8,126,17-Jan-2026,63,DIP,88.44
48,12/12/2025,Recipient TagID,Pride of Maddox,31890,6,97,DIP,74.26
Notes:,11/14/2025,32115,VL Rojo Whiskey 1/48,126,SM007,65,11/5/2025,75.67
35,12/3/2025,612,This report documents confirmed pregnancies resulting from the bovine IVF and embryo transfer program executed by DayZee Farms (Pvt.) Ltd. All pregnancies listed in this report have been confirmed via ultrasound examination at the recorded DIP.,32835,SIRE,56,DIP,86.32
Sr. No,12/12/2025,32115,This report documents confirmed pregnancies resulting from the bovine IVF and embryo transfer program executed by DayZee Farms (Pvt.) Ltd. All pregnancies listed in this report have been confirmed via ultrasound examination at the recorded DIP.,6,17-Jan-2026,91,11/5/2025,93.43
Notes:,BRC Lorraine 402,765/4,JDH Trevor 639,95,17-Jan-2026,58,DIP,95.44
42,Rosetta Mocha 2/4,612,Gabru,202,1,74,11/5/2025,92.87
2. This report serves as official delivery confirmation for the client’s IVF order.,DAM,597/9,Karu Manso 800,95,6,61,DIP,82.95
23,11/14/2025,171,Karu Manso 800,10,JDH Janos Manso 709,91,DIP,95.72
2,12/17/2025,612,Any Semen of Choice,188,No,67,DIP,82.64
3,Braford X,67,SIRE,31890,JDH Janos Manso 709,88,11/5/2025,71.87
52,SM006,362,VL Rojo Whiskey 1/48,SM006,SM007,1,11/5/2025,94.28
4,Rosetta Mocha 2/4,31499,Gabru,230,No,98,DIP,87.92
3,12/17/2025,163,JDH Trevor 639,75,No,61,DIP,92.53
36,11/14/2025,362,Pride of Maddox,BrafordBBQ,SM007,1,11/5/2025,70.38
47,Braford X,67,JDH Trevor 639,48,Pregnant,84,DIP,88.91
50,Rosetta Mocha 2/4,31518,Prepared For,Units,Pregnant,60,11/5/2025,80.34
Notes:,12/3/2025,609/9,SM007,281,1,8,DIP,78.83
6,Braford X,31499,Any Semen of Choice,169,SM007,2,11/5/2025,81.3
2,Rosetta Mocha 2/4,609/9,SM007,4,Pregnant,31,11/5/2025,87.32
1,Braford X,171,Any Semen of Choice,4,SIRE,83,11/5/2025,95.84
53,12/3/2025,32115,This report documents confirmed pregnancies resulting from the bovine IVF and embryo transfer program executed by DayZee Farms (Pvt.) Ltd. All pregnancies listed in this report have been confirmed via ultrasound examination at the recorded DIP.,1,17-Jan-2026,2,DIP,95.93
47,11/14/2025,231,SM007,1,Pregnant,3,DIP,87.8
8,Summary ,362,Karu Manso 800,169,1,39,DIP,82.9
29,DAM,609/9,MR V8 160/8,226,SM007,16,DIP,94.75
50,12/3/2025,765/4,Black Brahman ,169,17-Jan-2026,1,DIP,89.7
3,Braford X,825/4,JDH Trevor 639,188,SIRE,80,11/5/2025,73.15
6,Summary ,825/4,VL Rojo Whiskey 1/48,223,6,55,11/5/2025,87.85
Sr. No,Rosetta Mocha 2/4,609/9,MR V8 160/8,202,No,94,DIP,70.24
23,ET Date,231,SIRE,2,8,23,11/5/2025,81.42
29,BRC Lorraine 402,171,This report documents confirmed pregnancies resulting from the bovine IVF and embryo transfer program executed by DayZee Farms (Pvt.) Ltd. All pregnancies listed in this report have been confirmed via ultrasound examination at the recorded DIP.,169,JDH Janos Manso 709,21,11/5/2025,68.37
35,12/17/2025,909/9,F1 Gulabi,4,6,96,DIP,88.96
3,11/13/2025,765/4,SIRE,DAM,6,63,DIP,80.89
25,Braford X,362,JDH Janos 709,6,No,24,DIP,95.83
37,11/13/2025,825/4,TBD,32240,Sardar Fahad Qayyum,80,11/5/2025,72.4
31,Braford X,231,F1 Gulabi,48,No,3,11/5/2025,77.26
54,11/13/2025,820/4,SM007,95,SIRE,48,11/5/2025,82.15
8,12/17/2025,163,Pride of Maddox,281,Pregnant,77,11/5/2025,84.0
44,ET Date,31518,Prepared On,BrafordBBQ,17-Jan-2026,13,11/5/2025,69.36
Notes:,BRC Lorraine 402,825/4,SM007,95,Pregnant,80,11/5/2025,82.25
4,12/3/2025,820/4,JDH Janos 709,237,17-Jan-2026,41,DIP,92.67
35,ET Date,362,Prepared For,1,1,65,11/5/2025,69.22
"1. Dam, sire, recipient tag ID, and embryo transfer dates are accurately documented for genetic traceability and commercial validation.",Total,163,Pride of Maddox,6,8,91,DIP,94.97
52,ET Date,67,Pride of Maddox,109,Sardar Fahad Qayyum,4,DIP,69.73
52,Rosetta Mocha 2/4,31518,Pregnant,1,Sardar Fahad Qayyum,88,11/5/2025,82.97
37,Beef Master,597/9,JDH Janos 709,75,8,84,DIP,90.53
49,Total,32115,Pregnant,32093,Pregnant,16,11/5/2025,86.34
53,Rosetta Mocha 2/4,32115,VL Rojo Whiskey 1/48,6,Sardar Fahad Qayyum,71,11/5/2025,87.65
50,12/17/2025,597/9,MR V8 160/8,230,17-Jan-2026,65,DIP,93.85
1,Rosetta Mocha 2/4,171,VL Rojo Whiskey 1/48,48,Pregnant,73,11/5/2025,73.82
3,DAM,612,F1 Gulabi,32093,Pregnant,61,11/5/2025,70.2
22,Beef Master,31518,JDH Trevor 639,202,Pregnant,54,11/5/2025,82.26
35,ET Date,231,Prepared For,230,SIRE,69,11/5/2025,85.76
44,DAM,31518,SM007,2,8,8,11/5/2025,84.7
7,12/17/2025,609/9,Prepared For,281,SM007,82,11/5/2025,90.74
42,ET Date,163,Pride of Maddox,BrafordBBQ,17-Jan-2026,1,DIP,92.6
Notes:,BRC Lorraine 402,163,Prepared For,79,Sardar Fahad Qayyum,11,DIP,72.61
23,12/12/2025,765/4,Prepared For,32240,JDH Janos Manso 709,39,DIP,81.25
7,12/3/2025,825/4,Prepared For,126,Pregnant,9,11/5/2025,85.75
3,12/12/2025,163,MR V8 160/8,237,17-Jan-2026,84,DIP,89.33
52,12/17/2025,765/4,This report documents confirmed pregnancies resulting from the bovine IVF and embryo transfer program executed by DayZee Farms (Pvt.) Ltd. All pregnancies listed in this report have been confirmed via ultrasound examination at the recorded DIP.,237,6,51,DIP,74.13
55,SM006,67,JDH Janos 709,95,No,27,DIP,93.1
34,Braford X,231,TBD,75,SIRE,11,11/5/2025,92.19
54,12/3/2025,231,Gabru,31890,Pregnant,30,11/5/2025,91.21
4,12/12/2025,Recipient TagID,JDH Trevor 639,1,6,47,DIP,93.54
42,Braford X,32115,Status,10,JDH Janos Manso 709,7,DIP,88.95
29,Total,163,MR V8 160/8,4,1,10,DIP,96.67
8,BRC Lorraine 402,67,Karu Manso 800,188,6,89,11/5/2025,81.9
36,11/13/2025,163,Prepared On,32835,6,34,11/5/2025,84.84
"3. Any further monitoring, calving guarantees, or post-confirmation services are governed by the agreed commercial terms.",11/13/2025,67,Any Semen of Choice,126,Sardar Fahad Qayyum,96,DIP,74.68
48,SM006,67,Status,2,SM007,50,DIP,70.49
5,Summary ,31499,Black Brahman ,10,SM007,56,11/5/2025,92.37
29,Rosetta Mocha 2/4,163,Pride of Maddox,79,8,13,DIP,94.85
44,BRC Lorraine 402,909/9,Any Semen of Choice,188,6,100,DIP,87.51
47,11/14/2025,362,Pride of Maddox,226,No,76,11/5/2025,91.41
"1. Dam, sire, recipient tag ID, and embryo transfer dates are accurately documented for genetic traceability and commercial validation.",12/17/2025,163,SIRE,4,SM007,48,11/5/2025,89.24
47,SM006,231,Pregnant,230,8,79,DIP,76.38
52,Total,163,F1 Gulabi,126,JDH Janos Manso 709,84,DIP,84.43
Notes:,12/17/2025,765/4,Gabru,202,SIRE,82,11/5/2025,86.9
34,BRC Lorraine 402,609/9,Recheck,BrafordBBQ,JDH Janos Manso 709,21,DIP,81.84
47,SM006,909/9,SM007,109,No,59,DIP,89.43
2. This report serves as official delivery confirmation for the client’s IVF order.,Total,Recipient TagID,Pride of Maddox,56,JDH Janos Manso 709,51,11/5/2025,96.93
31,12/17/2025,171,Karu Manso 800,1,JDH Janos Manso 709,54,DIP,82.81
2,DAM,362,TBD,79,SM007,40,11/5/2025,79.92
49,Rosetta Mocha 2/4,612,MR V8 160/8,126,No,32,11/5/2025,94.2
23,12/3/2025,820/4,F1 Gulabi,32240,JDH Janos Manso 709,56,DIP,88.5
49,Beef Master,825/4,Prepared On,75,Sardar Fahad Qayyum,28,DIP,82.42
53,12/3/2025,32115,This report documents confirmed pregnancies resulting from the bovine IVF and embryo transfer program executed by DayZee Farms (Pvt.) Ltd. All pregnancies listed in this report have been confirmed via ultrasound examination at the recorded DIP.,126,JDH Janos Manso 709,3,DIP,85.48
3,11/13/2025,820/4,VL Rojo Whiskey 1/48,226,No,67,DIP,89.9
Sr. No,ET Date,67,VL Rojo Whiskey 1/48,75,SM007,32,11/5/2025,83.75
36,ET Date,820/4,SM007,79,SM007,12,11/5/2025,85.78
48,Beef Master,Recipient TagID,Status,226,Pregnant,6,11/5/2025,75.81
8,Rosetta Mocha 2/4,612,Recheck,237,6,16,11/5/2025,79.43
34,SM006,Recipient TagID,Karu Manso 800,95,1,2,DIP,90.25
48,Summary ,171,SIRE,237,JDH Janos Manso 709,70,11/5/2025,81.16
44,SM006,820/4,Any Semen of Choice,10,Sardar Fahad Qayyum,70,DIP,91.0
"3. Any further monitoring, calving guarantees, or post-confirmation services are governed by the agreed commercial terms.",Beef Master,67,Prepared For,SM006,JDH Janos Manso 709,58,11/5/2025,90.3
35,12/17/2025,163,F1 Gulabi,95,Sardar Fahad Qayyum,72,11/5/2025,73.81
25,Total,67,Black Brahman ,188,SIRE,99,11/5/2025,79.81
49,BRC Lorraine 402,765/4,SIRE,32240,1,61,DIP,75.88
2. This report serves as official delivery confirmation for the client’s IVF order.,Rosetta Mocha 2/4,597/9,Karu Manso 800,230,6,19,11/5/2025,94.46
31,12/17/2025,609/9,IVF PREGNANCY REPORT,BrafordBBQ,SM007,62,DIP,74.09
6,12/17/2025,171,Karu Manso 800,202,No,82,11/5/2025,78.63
22,11/13/2025,231,SIRE,109,17-Jan-2026,18,11/5/2025,77.82
53,12/3/2025,32115,Gabru,169,1,3,DIP,88.62
7,SM006,820/4,Prepared For,32240,No,18,DIP,68.46
8,12/12/2025,612,IVF PREGNANCY REPORT,6,JDH Janos Manso 709,11,DIP,68.83
"3. Any further monitoring, calving guarantees, or post-confirmation services are governed by the agreed commercial terms.",Beef Master,765/4,VL Rojo Whiskey 1/48,4,SIRE,55,DIP,80.09
2. This report serves as official delivery confirmation for the client’s IVF order.,12/3/2025,163,Black Brahman ,BrafordBBQ,No,71,11/5/2025,89.21
31,11/13/2025,163,Prepared On,56,No,47,11/5/2025,91.73
23,BRC Lorraine 402,31499,Recheck,281,8,96,11/5/2025,78.05
49,12/12/2025,171,Status,31890,Sardar Fahad Qayyum,74,DIP,90.88
53,12/17/2025,32115,Prepared For,109,17-Jan-2026,77,11/5/2025,75.69
"1. Dam, sire, recipient tag ID, and embryo transfer dates are accurately documented for genetic traceability and commercial validation.",Total,Recipient TagID,JDH Janos 709,126,SIRE,1,DIP,82.76
36,ET Date,612,MR V8 160/8,32240,8,82,DIP,83.81
Notes:,ET Date,31518,This report documents confirmed pregnancies resulting from the bovine IVF and embryo transfer program executed by DayZee Farms (Pvt.) Ltd. All pregnancies listed in this report have been confirmed via ultrasound examination at the recorded DIP.,10,17-Jan-2026,14,11/5/2025,73.64
50,11/14/2025,825/4,Prepared For,DAM,SM007,25,11/5/2025,80.67
31,12/3/2025,765/4,Status,4,No,62,DIP,78.49
22,Braford X,765/4,Prepared For,226,8,17,11/5/2025,84.76
44,Beef Master,765/4,Status,10,JDH Janos Manso 709,17,11/5/2025,80.04
1,SM006,609/9,Status,32240,1,62,11/5/2025,87.78
6,ET Date,67,Any Semen of Choice,2,Pregnant,13,DIP,81.43
54,12/3/2025,31518,Status,BrafordBBQ,No,76,DIP,81.93
35,Beef Master,825/4,Status,SM006,1,17,11/5/2025,76.95
"1. Dam, sire, recipient tag ID, and embryo transfer dates are accurately documented for genetic traceability and commercial validation.",12/17/2025,825/4,SM007,32093,JDH Janos Manso 709,92,11/5/2025,84.46
4,DAM,31518,SM007,312,17-Jan-2026,66,DIP,79.55
1,Total,612,Prepared On,4,Pregnant,96,DIP,94.04
48,DAM,609/9,Pregnant,95,17-Jan-2026,87,DIP,87.68
Notes:,12/12/2025,612,VL Rojo Whiskey 1/48,109,17-Jan-2026,75,DIP,82.11
1,DAM,171,Karu Manso 800,10,Pregnant,33,DIP,92.26
6,Rosetta Mocha 2/4,765/4,Prepared On,402,Pregnant,77,11/5/2025,68.7
1,12/3/2025,31499,JDH Janos 709,32835,JDH Janos Manso 709,59,11/5/2025,91.05
50,11/13/2025,597/9,Black Brahman ,226,8,85,11/5/2025,84.23
3,SM006,171,SM007,109,SM007,51,11/5/2025,85.95
31,12/17/2025,32115,F1 Gulabi,4,SIRE,73,DIP,85.8
35,DAM,825/4,IVF PREGNANCY REPORT,Units,8,76,11/5/2025,81.96
44,12/3/2025,231,Karu Manso 800,188,8,78,11/5/2025,86.3
31,SM006,31499,Pregnant,126,17-Jan-2026,95,11/5/2025,72.93
Sr. No,Summary ,231,Prepared On,202,Sardar Fahad Qayyum,8,11/5/2025,89.56
Sr. No,ET Date,609/9,TBD,202,6,73,DIP,90.5
49,11/14/2025,597/9,JDH Janos 709,169,6,56,DIP,68.3
2,11/14/2025,820/4,SM007,226,No,53,11/5/2025,91.74
8,Beef Master,67,JDH Trevor 639,56,1,83,11/5/2025,79.12
55,Rosetta Mocha 2/4,609/9,Recheck,56,Sardar Fahad Qayyum,43,11/5/2025,72.95
23,11/13/2025,765/4,Any Semen of Choice,32240,Sardar Fahad Qayyum,57,11/5/2025,86.34
2. This report serves as official delivery confirmation for the client’s IVF order.,Beef Master,163,SIRE,2,1,85,DIP,79.3
50,BRC Lorraine 402,67,Prepared For,230,No,84,11/5/2025,68.17
29,BRC Lorraine 402,909/9,Any Semen of Choice,32835,SIRE,93,11/5/2025,94.83
36,SM006,820/4,F1 Gulabi,188,1,85,DIP,90.25
49,11/13/2025,31518,Pride of Maddox,31890,1,28,DIP,75.28
50,BRC Lorraine 402,31518,IVF PREGNANCY REPORT,188,17-Jan-2026,62,11/5/2025,89.96
1,12/17/2025,612,This report documents confirmed pregnancies resulting from the bovine IVF and embryo transfer program executed by DayZee Farms (Pvt.) Ltd. All pregnancies listed in this report have been confirmed via ultrasound examination at the recorded DIP.,169,JDH Janos Manso 709,16,11/5/2025,75.43
5,12/12/2025,231,F1 Gulabi,312,Pregnant,58,DIP,73.89
34,Braford X,362,This report documents confirmed pregnancies resulting from the bovine IVF and embryo transfer program executed by DayZee Farms (Pvt.) Ltd. All pregnancies listed in this report have been confirmed via ultrasound examination at the recorded DIP.,230,Sardar Fahad Qayyum,29,11/5/2025,69.93
23,ET Date,597/9,SIRE,223,SM007,12,DIP,83.92
2. This report serves as official delivery confirmation for the client’s IVF order.,SM006,612,Recheck,32093,1,68,11/5/2025,92.81
8,DAM,31518,Prepared On,79,8,14,11/5/2025,82.56
8,Braford X,32115,JDH Trevor 639,32240,8,29,DIP,80.27
49,Rosetta Mocha 2/4,597/9,Status,DAM,JDH Janos Manso 709,83,11/5/2025,71.92
2. This report serves as official delivery confirmation for the client’s IVF order.,BRC Lorraine 402,31499,IVF PREGNANCY REPORT,79,SM007,84,11/5/2025,71.36
8,11/13/2025,231,Status,4,No,27,DIP,82.35
3,Total,231,F1 Gulabi,56,No,38,11/5/2025,68.53
55,Total,609/9,Karu Manso 800,75,1,46,11/5/2025,83.3
50,Total,32115,This report documents confirmed pregnancies resulting from the bovine IVF and embryo transfer program executed by DayZee Farms (Pvt.) Ltd. All pregnancies listed in this report have been confirmed via ultrasound examination at the recorded DIP.,188,17-Jan-2026,76,DIP,73.24
23,DAM,597/9,IVF PREGNANCY REPORT,202,1,88,DIP,73.94
48,11/14/2025,171,MR V8 160/8,32093,6,33,DIP,96.15
"3. Any further monitoring, calving guarantees, or post-confirmation services are governed by the agreed commercial terms.",12/12/2025,362,Any Semen of Choice,188,SIRE,13,11/5/2025,81.8
25,11/13/2025,612,VL Rojo Whiskey 1/48,10,Pregnant,92,DIP,84.46
6,SM006,231,Black Brahman ,1,JDH Janos Manso 709,4,11/5/2025,68.71
7,BRC Lorraine 402,32115,F1 Gulabi,79,8,58,DIP,89.51
1,12/12/2025,765/4,Prepared For,402,17-Jan-2026,7,DIP,91.38
Notes:,Beef Master,32115,Prepared On,1,1,40,DIP,75.26
4,BRC Lorraine 402,597/9,Recheck,237,SIRE,58,DIP,85.66
37,Total,909/9,Prepared On,31890,SIRE,91,11/5/2025,76.35
35,12/17/2025,609/9,Pride of Maddox,1,SM007,24,11/5/2025,92.61
34,11/13/2025,231,Gabru,281,JDH Janos Manso 709,64,11/5/2025,71.69
2,Beef Master,31518,Prepared For,Units,SM007,82,11/5/2025,73.51
54,Beef Master,32115,JDH Trevor 639,32240,6,38,11/5/2025,70.32
"3. Any further monitoring, calving guarantees, or post-confirmation services are governed by the agreed commercial terms.",ET Date,820/4,SM007,DAM,JDH Janos Manso 709,27,DIP,85.12
53,Rosetta Mocha 2/4,67,Recheck,6,8,98,DIP,92.47
4,Rosetta Mocha 2/4,820/4,SM007,95,17-Jan-2026,92,DIP,91.97
3,12/12/2025,825/4,Recheck,32093,Sardar Fahad Qayyum,55,DIP,72.54
7,11/13/2025,909/9,Status,169,SIRE,82,11/5/2025,70.58
55,DAM,765/4,Pregnant,95,6,22,11/5/2025,69.61
3,ET Date,597/9,Gabru,DAM,17-Jan-2026,3,DIP,71.74
49,12/12/2025,Recipient TagID,JDH Trevor 639,223,SM007,33,DIP,93.77
53,12/3/2025,31499,Karu Manso 800,202,6,77,DIP,89.89
"1. Dam, sire, recipient tag ID, and embryo transfer dates are accurately documented for genetic traceability and commercial validation.",SM006,31499,Prepared On,95,17-Jan-2026,54,DIP,89.65
25,Braford X,Recipient TagID,SIRE,6,6,50,11/5/2025,88.73
8,Braford X,597/9,JDH Trevor 639,95,SM007,81,DIP,74.51
34,ET Date,171,F1 Gulabi,32093,JDH Janos Manso 709,69,DIP,93.04
"1. Dam, sire, recipient tag ID, and embryo transfer dates are accurately documented for genetic traceability and commercial validation.",12/3/2025,171,Recheck,169,17-Jan-2026,78,DIP,84.55
8,Braford X,67,Prepared On,32835,SM007,40,DIP,78.51
48,SM006,67,Prepared On,6,6,33,11/5/2025,76.21
5,11/13/2025,Recipient TagID,Recheck,10,SM007,46,DIP,89.46
49,12/17/2025,31518,Pregnant,SM006,JDH Janos Manso 709,11,DIP,91.94
2,Summary ,67,SIRE,402,Sardar Fahad Qayyum,76,DIP,85.92
8,BRC Lorraine 402,32115,IVF PREGNANCY REPORT,169,6,100,DIP,92.37
25,Braford X,231,F1 Gulabi,79,SM007,89,11/5/2025,79.27
5,Beef Master,825/4,Pregnant,48,JDH Janos Manso 709,44,DIP,69.73
49,11/13/2025,825/4,F1 Gulabi,56,8,66,11/5/2025,90.49
42,SM006,612,MR V8 160/8,SM006,JDH Janos Manso 709,34,11/5/2025,96.64
25,12/12/2025,820/4,VL Rojo Whiskey 1/48,109,8,34,11/5/2025,92.42
6,12/3/2025,820/4,Gabru,312,No,33,11/5/2025,92.45
52,BRC Lorraine 402,765/4,Pride of Maddox,169,6,82,11/5/2025,76.57
"3. Any further monitoring, calving guarantees, or post-confirmation services are governed by the agreed commercial terms.",12/17/2025,Recipient TagID,Prepared For,188,17-Jan-2026,14,11/5/2025,78.39
52,Beef Master,909/9,Prepared For,109,No,40,DIP,87.0
53,12/3/2025,825/4,IVF PREGNANCY REPORT,75,Sardar Fahad Qayyum,1,DIP,83.42
8,Braford X,67,TBD,48,Sardar Fahad Qayyum,75,11/5/2025,86.55
55,Rosetta Mocha 2/4,825/4,SIRE,126,SIRE,93,11/5/2025,76.06
"1. Dam, sire, recipient tag ID, and embryo transfer dates are accurately documented for genetic traceability and commercial validation.",12/12/2025,67,Karu Manso 800,188,1,88,DIP,83.83
8,Total,163,MR V8 160/8,402,SIRE,49,DIP,75.22
36,12/3/2025,597/9,TBD,202,Pregnant,62,DIP,68.31
47,Braford X,163,Prepared On,402,Sardar Fahad Qayyum,97,11/5/2025,69.56
5,SM006,825/4,JDH Janos 709,BrafordBBQ,8,16,11/5/2025,73.67
Notes:,12/3/2025,31518,Karu Manso 800,281,6,12,11/5/2025,84.7
Notes:,DAM,31518,Pride of Maddox,75,17-Jan-2026,56,DIP,75.42
23,12/17/2025,765/4,Gabru,281,17-Jan-2026,14,11/5/2025,93.5
2. This report serves as official delivery confirmation for the client’s IVF order.,12/3/2025,31518,JDH Trevor 639,75,6,60,DIP,85.58
36,Summary ,163,TBD,Units,Pregnant,81,DIP,69.61
37,Summary ,231,MR V8 160/8,237,8,66,DIP,85.36
25,BRC Lorraine 402,231,Status,237,17-Jan-2026,54,11/5/2025,82.52
34,11/13/2025,362,SIRE,75,No,21,11/5/2025,91.94
5,12/17/2025,171,IVF PREGNANCY REPORT,95,SM007,35,DIP,88.17
47,Rosetta Mocha 2/4,765/4,Gabru,312,Pregnant,65,11/5/2025,81.43
5,Summary ,820/4,MR V8 160/8,188,No,56,DIP,76.38
50,12/3/2025,820/4,Pride of Maddox,1,Sardar Fahad Qayyum,83,11/5/2025,89.48
50,BRC Lorraine 402,597/9,SIRE,95,1,50,DIP,68.65
Sr. No,Total,163,Gabru,202,SM007,85,11/5/2025,76.37
34,Beef Master,909/9,Pride of Maddox,32240,1,6,DIP,73.38
8,12/3/2025,163,SIRE,48,JDH Janos Manso 709,4,DIP,77.88
31,12/3/2025,171,VL Rojo Whiskey 1/48,6,8,78,DIP,70.98
2. This report serves as official delivery confirmation for the client’s IVF order.,12/12/2025,171,JDH Janos 709,169,1,73,11/5/2025,92.06
2. This report serves as official delivery confirmation for the client’s IVF order.,Total,597/9,Gabru,32093,JDH Janos Manso 709,31,11/5/2025,88.09
3,Rosetta Mocha 2/4,Recipient TagID,Karu Manso 800,56,JDH Janos Manso 709,59,11/5/2025,70.97
1,12/3/2025,171,Gabru,4,8,49,11/5/2025,90.36
35,12/12/2025,67,SM007,10,8,22,11/5/2025,80.8
54,11/13/2025,32115,Pregnant,126,No,36,DIP,68.21
25,12/12/2025,909/9,MR V8 160/8,312,No,28,DIP,96.22
34,11/13/2025,820/4,Status,281,Sardar Fahad Qayyum,71,DIP,80.78
37,11/13/2025,31518,This report documents confirmed pregnancies resulting from the bovine IVF and embryo transfer program executed by DayZee Farms (Pvt.) Ltd. All pregnancies listed in this report have been confirmed via ultrasound examination at the recorded DIP.,188,JDH Janos Manso 709,74,11/5/2025,88.99
36,Total,825/4,Recheck,281,8,76,DIP,87.96
2,BRC Lorraine 402,820/4,Recheck,10,No,14,11/5/2025,69.13
5,12/12/2025,32115,Recheck,188,1,9,DIP,70.38
31,Summary ,909/9,VL Rojo Whiskey 1/48,75,6,57,11/5/2025,82.25
29,Rosetta Mocha 2/4,32115,Karu Manso 800,75,1,21,11/5/2025,73.77
29,12/17/2025,32115,Recheck,56,Sardar Fahad Qayyum,46,11/5/2025,80.17
55,11/14/2025,Recipient TagID,SIRE,56,1,26,11/5/2025,74.26
7,12/12/2025,163,TBD,226,1,20,11/5/2025,91.19
4,11/14/2025,163,SM007,48,17-Jan-2026,30,DIP,77.94
8,SM006,909/9,Status,32835,SM007,46,11/5/2025,81.0
47,Total,825/4,Pride of Maddox,312,Sardar Fahad Qayyum,44,11/5/2025,72.36
34,DAM,31518,MR V8 160/8,2,1,99,11/5/2025,86.13
7,11/13/2025,765/4,VL Rojo Whiskey 1/48,56,Pregnant,4,11/5/2025,68.63
34,11/14/2025,820/4,Status,48,17-Jan-2026,6,11/5/2025,94.35
50,Rosetta Mocha 2/4,609/9,JDH Janos 709,56,JDH Janos Manso 709,47,11/5/2025,83.2
4,Rosetta Mocha 2/4,31518,SM007,BrafordBBQ,No,21,11/5/2025,85.47
44,12/17/2025,32115,TBD,10,6,76,DIP,92.31
7,BRC Lorraine 402,231,Any Semen of Choice,6,Sardar Fahad Qayyum,86,11/5/2025,80.0
34,Total,765/4,Prepared On,32240,1,9,11/5/2025,83.67
42,Rosetta Mocha 2/4,163,SIRE,10,SIRE,30,DIP,94.82
7,12/3/2025,171,Gabru,32835,8,78,DIP,82.27
Sr. No,12/17/2025,Recipient TagID,Status,109,SM007,99,11/5/2025,84.53
"1. Dam, sire, recipient tag ID, and embryo transfer dates are accurately documented for genetic traceability and commercial validation.",Rosetta Mocha 2/4,Recipient TagID,F1 Gulabi,223,SIRE,41,11/5/2025,81.27
34,12/17/2025,231,TBD,SM006,1,63,DIP,70.5
22,Braford X,820/4,Any Semen of Choice,31890,1,8,11/5/2025,91.53
4,Braford X,31499,JDH Trevor 639,226,Pregnant,39,11/5/2025,82.12
5,DAM,820/4,Pride of Maddox,31890,JDH Janos Manso 709,36,DIP,95.0
44,BRC Lorraine 402,31518,Pregnant,SM006,Sardar Fahad Qayyum,91,11/5/2025,77.98
Notes:,Rosetta Mocha 2/4,67,SIRE,1,SM007,85,11/5/2025,72.93
55,Rosetta Mocha 2/4,609/9,VL Rojo Whiskey 1/48,6,JDH Janos Manso 709,2,11/5/2025,78.78
2. This report serves as official delivery confirmation for the client’s IVF order.,Beef Master,31518,TBD,32240,JDH Janos Manso 709,50,DIP,80.63
"3. Any further monitoring, calving guarantees, or post-confirmation services are governed by the agreed commercial terms.",Beef Master,820/4,Karu Manso 800,109,6,26,11/5/2025,82.39
53,DAM,765/4,MR V8 160/8,56,SM007,6,11/5/2025,69.8
25,ET Date,67,Karu Manso 800,223,6,73,11/5/2025,87.34
5,11/14/2025,909/9,Prepared For,281,Pregnant,38,DIP,76.22
2. This report serves as official delivery confirmation for the client’s IVF order.,Summary ,909/9,SIRE,48,Pregnant,90,11/5/2025,68.04
4,Total,597/9,Prepared On,402,Pregnant,17,11/5/2025,81.53
34,12/12/2025,31518,Recheck,226,6,100,11/5/2025,69.57
50,DAM,597/9,JDH Trevor 639,32093,17-Jan-2026,21,11/5/2025,87.43
1,Rosetta Mocha 2/4,163,JDH Trevor 639,4,JDH Janos Manso 709,13,11/5/2025,79.16
22,12/3/2025,231,Black Brahman ,32240,SM007,4,DIP,87.91
2,SM006,825/4,JDH Janos 709,95,1,43,11/5/2025,93.2
34,Total,31499,Pregnant,10,8,16,DIP,83.14
48,12/3/2025,362,Prepared On,2,17-Jan-2026,84,DIP,92.17
"3. Any further monitoring, calving guarantees, or post-confirmation services are governed by the agreed commercial terms.",BRC Lorraine 402,765/4,JDH Janos 709,281,1,98,11/5/2025,74.13
2. This report serves as official delivery confirmation for the client’s IVF order.,ET Date,Recipient TagID,Recheck,312,1,9,DIP,80.15
53,Braford X,31518,Gabru,169,1,69,11/5/2025,81.72
1,Rosetta Mocha 2/4,32115,JDH Trevor 639,230,8,69,11/5/2025,89.31
31,Rosetta Mocha 2/4,231,Karu Manso 800,281,17-Jan-2026,52,11/5/2025,76.47
44,11/13/2025,612,Prepared For,312,Sardar Fahad Qayyum,50,11/5/2025,85.63
55,Beef Master,32115,Gabru,31890,6,13,DIP,92.24
6,SM006,825/4,Karu Manso 800,312,Pregnant,81,11/5/2025,83.6
Sr. No,11/13/2025,825/4,Prepared For,4,17-Jan-2026,54,DIP,76.21
3,Total,67,F1 Gulabi,48,17-Jan-2026,37,11/5/2025,90.21
55,Rosetta Mocha 2/4,765/4,MR V8 160/8,126,SM007,8,11/5/2025,70.77
4,SM006,Recipient TagID,IVF PREGNANCY REPORT,188,17-Jan-2026,21,11/5/2025,96.17
2. This report serves as official delivery confirmation for the client’s IVF order.,Summary ,31518,Status,31890,SIRE,23,DIP,75.39
48,Total,31499,Pregnant,188,No,29,11/5/2025,83.0
47,12/3/2025,32115,This report documents confirmed pregnancies resulting from the bovine IVF and embryo transfer program executed by DayZee Farms (Pvt.) Ltd. All pregnancies listed in this report have been confirmed via ultrasound examination at the recorded DIP.,95,8,97,DIP,89.26
3,Beef Master,765/4,Black Brahman ,75,SIRE,60,11/5/2025,87.72
2. This report serves as official delivery confirmation for the client’s IVF order.,SM006,163,Recheck,237,17-Jan-2026,93,DIP,93.47
50,11/14/2025,32115,Recheck,Units,SM007,79,DIP,90.93
8,Rosetta Mocha 2/4,31499,This report documents confirmed pregnancies resulting from the bovine IVF and embryo transfer program executed by DayZee Farms (Pvt.) Ltd. All pregnancies listed in this report have been confirmed via ultrasound examination at the recorded DIP.,56,SM007,37,11/5/2025,82.47
1,12/12/2025,765/4,Karu Manso 800,169,1,5,DIP,71.48
25,Summary ,362,Recheck,Units,Sardar Fahad Qayyum,89,11/5/2025,72.71
2,12/17/2025,825/4,TBD,202,SIRE,76,11/5/2025,82.05
2,SM006,609/9,Karu Manso 800,32835,Pregnant,78,DIP,92.75
4,Beef Master,Recipient TagID,Pregnant,48,No,38,11/5/2025,71.38
52,Beef Master,32115,F1 Gulabi,DAM,SIRE,71,DIP,88.0
4,SM006,171,TBD,95,JDH Janos Manso 709,65,11/5/2025,95.58
22,DAM,820/4,Pregnant,2,SIRE,54,11/5/2025,89.24
"1. Dam, sire, recipient tag ID, and embryo transfer dates are accurately documented for genetic traceability and commercial validation.",Rosetta Mocha 2/4,31518,Status,32835,8,57,11/5/2025,87.1
23,Summary ,171,Prepared On,281,SM007,36,11/5/2025,83.16
31,DAM,163,F1 Gulabi,4,No,25,11/5/2025,84.24
Notes:,12/3/2025,612,F1 Gulabi,223,1,10,11/5/2025,77.65
49,Rosetta Mocha 2/4,765/4,SM007,281,No,11,11/5/2025,86.85
36,Rosetta Mocha 2/4,909/9,Pregnant,188,6,23,DIP,93.06
25,SM006,820/4,Pride of Maddox,Units,6,49,11/5/2025,91.27
3,Rosetta Mocha 2/4,909/9,MR V8 160/8,169,JDH Janos Manso 709,85,11/5/2025,89.55
34,12/12/2025,765/4,Recheck,4,6,69,DIP,79.51
23,BRC Lorraine 402,597/9,Pride of Maddox,4,Pregnant,9,DIP,85.25
37,Braford X,362,VL Rojo Whiskey 1/48,237,Pregnant,92,11/5/2025,75.42
37,SM006,163,Pride of Maddox,48,SM007,37,11/5/2025,71.65
42,11/13/2025,825/4,IVF PREGNANCY REPORT,109,6,4,DIP,86.37
2. This report serves as official delivery confirmation for the client’s IVF order.,Rosetta Mocha 2/4,609/9,Pride of Maddox,223,1,10,DIP,68.3
52,DAM,825/4,Recheck,226,SIRE,3,DIP,70.71
22,12/3/2025,31499,Prepared On,79,SM007,49,DIP,77.97
44,Beef Master,825/4,Status,109,8,17,11/5/2025,68.0
35,Total,597/9,TBD,32240,Sardar Fahad Qayyum,64,DIP,83.46
29,11/13/2025,597/9,MR V8 160/8,75,8,77,DIP,74.66
3,12/17/2025,31518,Recheck,31890,JDH Janos Manso 709,89,11/5/2025,85.93
42,12/12/2025,31499,JDH Trevor 639,DAM,JDH Janos Manso 709,58,DIP,79.59
52,11/14/2025,Recipient TagID,Any Semen of Choice,237,SIRE,39,11/5/2025,88.44
8,BRC Lorraine 402,67,JDH Trevor 639,237,6,31,DIP,94.81
54,12/17/2025,32115,Status,1,Sardar Fahad Qayyum,21,11/5/2025,85.82
"1. Dam, sire, recipient tag ID, and embryo transfer dates are accurately documented for genetic traceability and commercial validation.",11/13/2025,909/9,Prepared For,48,6,33,DIP,78.73
Notes:,Rosetta Mocha 2/4,612,Black Brahman ,79,8,71,DIP,95.37
8,Summary ,597/9,Status,BrafordBBQ,6,69,11/5/2025,84.91
"1. Dam, sire, recipient tag ID, and embryo transfer dates are accurately documented for genetic traceability and commercial validation.",11/14/2025,163,VL Rojo Whiskey 1/48,31890,No,33,DIP,86.26
34,DAM,825/4,Any Semen of Choice,312,Sardar Fahad Qayyum,32,DIP,76.63
3,11/14/2025,67,Karu Manso 800,237,17-Jan-2026,43,11/5/2025,69.24
25,Total,362,Gabru,Units,SIRE,22,DIP,83.84
2,11/14/2025,820/4,MR V8 160/8,281,JDH Janos Manso 709,52,DIP,69.49
44,12/3/2025,597/9,Black Brahman ,10,6,55,DIP,87.0
34,12/12/2025,163,This report documents confirmed pregnancies resulting from the bovine IVF and embryo transfer program executed by DayZee Farms (Pvt.) Ltd. All pregnancies listed in this report have been confirmed via ultrasound examination at the recorded DIP.,32093,JDH Janos Manso 709,58,DIP,92.93
35,DAM,31518,F1 Gulabi,188,No,55,DIP,85.71
Sr. No,ET Date,609/9,JDH Trevor 639,32835,SIRE,48,DIP,75.31
5,11/14/2025,612,Prepared For,2,JDH Janos Manso 709,84,11/5/2025,86.03
2,12/17/2025,231,Black Brahman ,95,6,81,DIP,72.54
5,ET Date,820/4,JDH Janos 709,312,Sardar Fahad Qayyum,72,DIP,89.14
6,ET Date,31518,Status,109,17-Jan-2026,33,11/5/2025,95.16
37,ET Date,820/4,Prepared For,32835,JDH Janos Manso 709,6,DIP,73.45
22,Summary ,825/4,Pregnant,2,17-Jan-2026,15,DIP,92.8
49,Braford X,31518,MR V8 160/8,32240,Pregnant,17,DIP,83.62
44,ET Date,825/4,JDH Janos 709,2,JDH Janos Manso 709,38,DIP,70.1
2. This report serves as official delivery confirmation for the client’s IVF order.,Braford X,Recipient TagID,SIRE,202,Sardar Fahad Qayyum,39,DIP,91.78
7,Braford X,820/4,TBD,237,Sardar Fahad Qayyum,57,DIP,80.17
47,Summary ,909/9,Any Semen of Choice,75,SIRE,19,11/5/2025,95.09
44,Rosetta Mocha 2/4,32115,JDH Janos 709,75,SIRE,8,DIP,91.93
5,Total,612,F1 Gulabi,230,Sardar Fahad Qayyum,42,11/5/2025,72.68
25,Total,597/9,SIRE,202,Sardar Fahad Qayyum,60,DIP,86.34
Sr. No,12/12/2025,231,Black Brahman ,230,No,54,DIP,79.44
44,Beef Master,231,F1 Gulabi,31890,1,93,DIP,92.85
6,ET Date,909/9,Recheck,237,No,11,11/5/2025,78.81
Sr. No,Summary ,171,This report documents confirmed pregnancies resulting from the bovine IVF and embryo transfer program executed by DayZee Farms (Pvt.) Ltd. All pregnancies listed in this report have been confirmed via ultrasound examination at the recorded DIP.,188,SIRE,63,11/5/2025,73.17
55,Braford X,362,Prepared On,4,SM007,3,DIP,81.01
4,Summary ,231,IVF PREGNANCY REPORT,32093,SM007,86,DIP,78.98
Notes:,SM006,67,MR V8 160/8,402,JDH Janos Manso 709,66,DIP,90.21
54,Rosetta Mocha 2/4,67,TBD,1,6,10,DIP,82.55
"1. Dam, sire, recipient tag ID, and embryo transfer dates are accurately documented for genetic traceability and commercial validation.",Beef Master,362,Prepared For,223,SM007,68,11/5/2025,92.51
49,BRC Lorraine 402,765/4,Prepared For,1,JDH Janos Manso 709,67,DIP,83.5
3,Total,171,SIRE,75,Pregnant,69,DIP,75.0
35,12/3/2025,909/9,SIRE,169,No,9,11/5/2025,79.43
23,Summary ,612,IVF PREGNANCY REPORT,281,SM007,19,DIP,87.79
3,DAM,765/4,VL Rojo Whiskey 1/48,10,17-Jan-2026,32,DIP,76.67
42,12/12/2025,163,Recheck,32093,Pregnant,10,11/5/2025,77.56
52,SM006,825/4,IVF PREGNANCY REPORT,32240,JDH Janos Manso 709,91,DIP,85.37
55,12/17/2025,231,F1 Gulabi,281,SIRE,9,11/5/2025,85.89
"1. Dam, sire, recipient tag ID, and embryo transfer dates are accurately documented for genetic traceability and commercial validation.",Summary ,171,Pregnant,281,Sardar Fahad Qayyum,99,11/5/2025,85.61
42,12/3/2025,765/4,SIRE,BrafordBBQ,SM007,43,DIP,73.46
55,Summary ,171,TBD,126,Pregnant,51,11/5/2025,81.49
3,11/14/2025,609/9,MR V8 160/8,237,6,84,11/5/2025,68.04
35,BRC Lorraine 402,32115,Pride of Maddox,Units,JDH Janos Manso 709,66,DIP,74.52
36,11/13/2025,597/9,Recheck,SM006,8,36,DIP,73.51
52,12/12/2025,31518,Karu Manso 800,109,1,46,DIP,72.09
6,12/17/2025,67,Status,79,1,73,DIP,77.62
48,BRC Lorraine 402,612,Pride of Maddox,56,17-Jan-2026,28,11/5/2025,93.64
"1. Dam, sire, recipient tag ID, and embryo transfer dates are accurately documented for genetic traceability and commercial validation.",ET Date,163,F1 Gulabi,6,SM007,66,DIP,77.73
25,DAM,32115,Pride of Maddox,226,6,46,DIP,73.6
7,DAM,825/4,Karu Manso 800,226,8,57,DIP,82.59
6,Rosetta Mocha 2/4,31518,Prepared On,10,1,43,11/5/2025,81.72
3,Summary ,609/9,JDH Trevor 639,1,JDH Janos Manso 709,84,11/5/2025,95.93
5,Beef Master,765/4,This report documents confirmed pregnancies resulting from the bovine IVF and embryo transfer program executed by DayZee Farms (Pvt.) Ltd. All pregnancies listed in this report have been confirmed via ultrasound examination at the recorded DIP.,230,SM007,12,DIP,72.44
36,BRC Lorraine 402,32115,Gabru,32835,Sardar Fahad Qayyum,84,DIP,89.58
4,11/14/2025,597/9,SIRE,48,JDH Janos Manso 709,62,DIP,75.33
25,SM006,231,SM007,312,SIRE,69,11/5/2025,78.14
5,Summary ,362,JDH Janos 709,281,Pregnant,63,11/5/2025,79.33
Notes:,Beef Master,825/4,Prepared On,312,6,8,DIP,70.46
3,Beef Master,597/9,Status,32240,Pregnant,80,DIP,84.62
34,Beef Master,820/4,JDH Janos 709,402,No,2,DIP,80.5
"3. Any further monitoring, calving guarantees, or post-confirmation services are governed by the agreed commercial terms.",11/13/2025,31518,TBD,Units,Sardar Fahad Qayyum,39,DIP,80.89
"1. Dam, sire, recipient tag ID, and embryo transfer dates are accurately documented for genetic traceability and commercial validation.",Beef Master,909/9,Prepared On,32093,SM007,74,DIP,94.55
25,ET Date,609/9,Pride of Maddox,79,SM007,67,11/5/2025,86.41
49,12/12/2025,31499,IVF PREGNANCY REPORT,188,17-Jan-2026,38,11/5/2025,95.75
7,12/3/2025,362,TBD,1,17-Jan-2026,50,11/5/2025,73.15
55,Total,765/4,Karu Manso 800,402,Pregnant,65,DIP,88.79
2,Rosetta Mocha 2/4,612,JDH Trevor 639,402,SIRE,93,DIP,73.7
49,Braford X,171,This report documents confirmed pregnancies resulting from the bovine IVF and embryo transfer program executed by DayZee Farms (Pvt.) Ltd. All pregnancies listed in this report have been confirmed via ultrasound examination at the recorded DIP.,188,17-Jan-2026,62,DIP,71.84
"1. Dam, sire, recipient tag ID, and embryo transfer dates are accurately documented for genetic traceability and commercial validation.",11/14/2025,820/4,Status,169,17-Jan-2026,37,11/5/2025,80.46
22,12/3/2025,32115,Prepared For,202,JDH Janos Manso 709,14,DIP,86.74
36,Total,362,TBD,6,17-Jan-2026,48,11/5/2025,86.99
2,11/13/2025,597/9,Status,DAM,Pregnant,93,DIP,72.84
29,12/3/2025,362,Prepared On,BrafordBBQ,SM007,58,11/5/2025,88.83
50,12/12/2025,171,Status,32240,17-Jan-2026,12,DIP,72.97
37,Rosetta Mocha 2/4,825/4,Gabru,32093,SM007,53,DIP,79.7
35,12/12/2025,171,Black Brahman ,32835,JDH Janos Manso 709,95,DIP,94.0
1,Total,31518,VL Rojo Whiskey 1/48,Units,6,63,11/5/2025,78.02
50,12/12/2025,31499,Gabru,BrafordBBQ,Sardar Fahad Qayyum,50,11/5/2025,71.35
36,11/14/2025,609/9,IVF PREGNANCY REPORT,SM006,No,6,11/5/2025,77.01
8,Total,67,IVF PREGNANCY REPORT,95,Sardar Fahad Qayyum,19,DIP,70.44
35,Rosetta Mocha 2/4,31518,Pride of Maddox,223,No,37,11/5/2025,73.96
48,Rosetta Mocha 2/4,820/4,F1 Gulabi,10,Sardar Fahad Qayyum,82,DIP,78.59
6,11/13/2025,171,Status,312,No,46,DIP,79.88
"1. Dam, sire, recipient tag ID, and embryo transfer dates are accurately documented for genetic traceability and commercial validation.",Rosetta Mocha 2/4,31518,Pride of Maddox,2,No,51,DIP,83.46
5,12/3/2025,765/4,Karu Manso 800,56,1,51,11/5/2025,89.58
5,Rosetta Mocha 2/4,609/9,Prepared On,32240,SM007,19,11/5/2025,93.73
36,Braford X,362,IVF PREGNANCY REPORT,10,SIRE,79,11/5/2025,96.92
3,SM006,825/4,TBD,75,JDH Janos Manso 709,29,DIP,95.74
6,12/17/2025,612,Pride of Maddox,75,Sardar Fahad Qayyum,68,11/5/2025,92.09
47,12/17/2025,67,Prepared For,312,Pregnant,75,11/5/2025,96.26
55,Summary ,825/4,JDH Trevor 639,223,SM007,3,11/5/2025,78.42
3,Total,31499,JDH Trevor 639,6,JDH Janos Manso 709,86,11/5/2025,77.06
"1. Dam, sire, recipient tag ID, and embryo transfer dates are accurately documented for genetic traceability and commercial validation.",12/12/2025,Recipient TagID,This report documents confirmed pregnancies resulting from the bovine IVF and embryo transfer program executed by DayZee Farms (Pvt.) Ltd. All pregnancies listed in this report have been confirmed via ultrasound examination at the recorded DIP.,402,SIRE,96,11/5/2025,73.91
4,Braford X,825/4,Karu Manso 800,169,6,8,11/5/2025,94.1
25,11/13/2025,820/4,JDH Janos 709,281,8,35,11/5/2025,78.36
50,12/3/2025,609/9,Pride of Maddox,169,SM007,97,DIP,70.18
2,12/3/2025,820/4,Prepared For,SM006,Sardar Fahad Qayyum,82,11/5/2025,85.67
25,Braford X,765/4,This report documents confirmed pregnancies resulting from the bovine IVF and embryo transfer program executed by DayZee Farms (Pvt.) Ltd. All pregnancies listed in this report have been confirmed via ultrasound examination at the recorded DIP.,223,6,75,DIP,72.05
54,Braford X,362,Pregnant,56,17-Jan-2026,43,DIP,93.08
42,Total,171,Status,223,No,30,DIP,96.06
47,Rosetta Mocha 2/4,31518,Pride of Maddox,226,Pregnant,90,DIP,90.31
2. This report serves as official delivery confirmation for the client’s IVF order.,BRC Lorraine 402,31499,VL Rojo Whiskey 1/48,SM006,Sardar Fahad Qayyum,98,11/5/2025,87.76
6,Total,820/4,JDH Janos 709,109,No,65,DIP,75.01
35,11/14/2025,765/4,TBD,1,17-Jan-2026,24,11/5/2025,80.41
22,Braford X,67,Karu Manso 800,SM006,6,40,11/5/2025,79.8
49,Beef Master,231,SM007,402,17-Jan-2026,3,DIP,80.81
2,Braford X,Recipient TagID,Recheck,188,1,75,DIP,69.08
8,12/17/2025,362,Pregnant,DAM,17-Jan-2026,35,DIP,93.86
"3. Any further monitoring, calving guarantees, or post-confirmation services are governed by the agreed commercial terms.",12/17/2025,163,Status,32093,Sardar Fahad Qayyum,95,11/5/2025,81.75
47,ET Date,825/4,SIRE,223,6,66,11/5/2025,79.36
4,11/13/2025,171,MR V8 160/8,31890,Sardar Fahad Qayyum,70,DIP,93.6
50,Rosetta Mocha 2/4,Recipient TagID,Prepared For,226,1,15,11/5/2025,94.9
31,12/17/2025,820/4,Status,75,JDH Janos Manso 709,33,DIP,95.95
2. This report serves as official delivery confirmation for the client’s IVF order.,11/13/2025,362,Pride of Maddox,169,Sardar Fahad Qayyum,35,11/5/2025,90.63
2. This report serves as official delivery confirmation for the client’s IVF order.,12/3/2025,31518,TBD,79,17-Jan-2026,71,11/5/2025,80.82
53,Beef Master,31518,TBD,4,1,66,11/5/2025,74.36
6,12/17/2025,612,IVF PREGNANCY REPORT,202,17-Jan-2026,40,DIP,81.57
Notes:,Beef Master,909/9,SIRE,223,JDH Janos Manso 709,45,11/5/2025,80.4
48,Summary ,362,Pregnant,402,No,1,11/5/2025,78.18
2. This report serves as official delivery confirmation for the client’s IVF order.,SM006,612,Black Brahman ,32240,JDH Janos Manso 709,22,DIP,88.93
44,11/14/2025,171,TBD,75,JDH Janos Manso 709,25,11/5/2025,76.06
"1. Dam, sire, recipient tag ID, and embryo transfer dates are accurately documented for genetic traceability and commercial validation.",ET Date,612,This report documents confirmed pregnancies resulting from the bovine IVF and embryo transfer program executed by DayZee Farms (Pvt.) Ltd. All pregnancies listed in this report have been confirmed via ultrasound examination at the recorded DIP.,2,JDH Janos Manso 709,16,11/5/2025,75.75
1,12/3/2025,612,SIRE,32835,Pregnant,100,DIP,92.3
Sr. No,11/14/2025,597/9,SM007,237,Sardar Fahad Qayyum,43,DIP,92.09
42,12/17/2025,31499,VL Rojo Whiskey 1/48,402,6,30,11/5/2025,71.22
52,ET Date,612,This report documents confirmed pregnancies resulting from the bovine IVF and embryo transfer program executed by DayZee Farms (Pvt.) Ltd. All pregnancies listed in this report have been confirmed via ultrasound examination at the recorded DIP.,402,No,37,DIP,79.64
35,Summary ,825/4,Pregnant,32240,Sardar Fahad Qayyum,3,11/5/2025,75.76
44,SM006,609/9,TBD,SM006,No,80,11/5/2025,87.45
29,Braford X,820/4,Prepared On,202,SM007,59,DIP,94.1
8,12/17/2025,765/4,TBD,202,8,9,DIP,76.64
"1. Dam, sire, recipient tag ID, and embryo transfer dates are accurately documented for genetic traceability and commercial validation.",SM006,825/4,JDH Janos 709,48,No,13,DIP,91.97
31,BRC Lorraine 402,171,VL Rojo Whiskey 1/48,95,6,16,11/5/2025,73.23
54,BRC Lorraine 402,32115,TBD,223,SM007,19,DIP,80.02
1,ET Date,67,This report documents confirmed pregnancies resulting from the bovine IVF and embryo transfer program executed by DayZee Farms (Pvt.) Ltd. All pregnancies listed in this report have been confirmed via ultrasound examination at the recorded DIP.,230,Sardar Fahad Qayyum,15,DIP,75.07
37,12/3/2025,31499,Karu Manso 800,226,6,48,11/5/2025,68.54
42,11/13/2025,Recipient TagID,VL Rojo Whiskey 1/48,32093,JDH Janos Manso 709,60,DIP,81.82
"1. Dam, sire, recipient tag ID, and embryo transfer dates are accurately documented for genetic traceability and commercial validation.",DAM,31518,Recheck,230,Sardar Fahad Qayyum,16,11/5/2025,81.81
"1. Dam, sire, recipient tag ID, and embryo transfer dates are accurately documented for genetic traceability and commercial validation.",12/3/2025,765/4,Black Brahman ,DAM,JDH Janos Manso 709,71,11/5/2025,71.48
47,BRC Lorraine 402,67,Black Brahman ,31890,No,78,11/5/2025,84.24
5,12/3/2025,909/9,TBD,312,6,51,DIP,93.74
55,11/13/2025,597/9,Pride of Maddox,95,1,41,11/5/2025,87.85
22,12/12/2025,31499,Pregnant,281,1,70,DIP,89.93
42,12/17/2025,231,Gabru,SM006,Sardar Fahad Qayyum,66,11/5/2025,92.16
22,Rosetta Mocha 2/4,362,VL Rojo Whiskey 1/48,2,17-Jan-2026,33,11/5/2025,75.68
53,Beef Master,31518,Status,10,JDH Janos Manso 709,9,11/5/2025,94.71
42,11/13/2025,31499,SM007,48,Pregnant,5,DIP,73.22
36,11/14/2025,171,VL Rojo Whiskey 1/48,95,17-Jan-2026,68,DIP,73.52
25,DAM,825/4,MR V8 160/8,2,17-Jan-2026,52,DIP,70.61
3,12/3/2025,825/4,Recheck,1,Sardar Fahad Qayyum,2,DIP,96.26
49,Rosetta Mocha 2/4,31499,Pride of Maddox,1,1,94,11/5/2025,94.04
3,SM006,362,Recheck,32240,No,83,DIP,91.58
42,12/12/2025,609/9,This report documents confirmed pregnancies resulting from the bovine IVF and embryo transfer program executed by DayZee Farms (Pvt.) Ltd. All pregnancies listed in this report have been confirmed via ultrasound examination at the recorded DIP.,402,No,44,11/5/2025,70.21
23,Total,163,Status,10,No,48,DIP,90.59
47,12/17/2025,362,JDH Janos 709,32835,SM007,4,11/5/2025,72.4
44,12/17/2025,909/9,Karu Manso 800,169,No,37,DIP,83.69
29,12/12/2025,597/9,VL Rojo Whiskey 1/48,6,SM007,64,11/5/2025,91.87
54,12/12/2025,820/4,SIRE,281,Pregnant,63,DIP,83.81
47,ET Date,609/9,SM007,1,No,44,DIP,69.89
49,BRC Lorraine 402,31499,Pride of Maddox,79,Pregnant,46,11/5/2025,79.88
4,BRC Lorraine 402,597/9,F1 Gulabi,56,8,91,11/5/2025,81.41
47,Total,362,TBD,109,Pregnant,56,11/5/2025,78.78
Sr. No,Total,31499,Pride of Maddox,402,17-Jan-2026,59,DIP,76.12
36,11/13/2025,597/9,Black Brahman ,188,8,34,11/5/2025,73.01
"1. Dam, sire, recipient tag ID, and embryo transfer dates are accurately documented for genetic traceability and commercial validation.",12/3/2025,609/9,Status,188,1,17,DIP,89.57
Sr. No,Beef Master,231,TBD,312,SIRE,84,11/5/2025,70.41
7,12/12/2025,31518,Pregnant,75,Pregnant,88,11/5/2025,79.64
53,Rosetta Mocha 2/4,609/9,Any Semen of Choice,BrafordBBQ,1,81,11/5/2025,79.67
48,DAM,171,Karu Manso 800,202,JDH Janos Manso 709,62,DIP,83.89
53,BRC Lorraine 402,Recipient TagID,Karu Manso 800,79,Sardar Fahad Qayyum,3,11/5/2025,90.77
44,Braford X,825/4,MR V8 160/8,48,SM007,6,11/5/2025,89.15
34,ET Date,825/4,SM007,32240,SIRE,8,DIP,90.7
36,BRC Lorraine 402,909/9,Karu Manso 800,BrafordBBQ,6,74,11/5/2025,74.74
52,ET Date,31518,Status,230,6,31,DIP,92.32
22,Rosetta Mocha 2/4,362,Karu Manso 800,188,Sardar Fahad Qayyum,35,11/5/2025,80.38
2. This report serves as official delivery confirmation for the client’s IVF order.,SM006,825/4,Status,75,6,48,11/5/2025,93.82
44,Summary ,612,JDH Trevor 639,32835,17-Jan-2026,89,11/5/2025,82.91
"1. Dam, sire, recipient tag ID, and embryo transfer dates are accurately documented for genetic traceability and commercial validation.",Total,31499,TBD,48,Sardar Fahad Qayyum,52,DIP,96.87
53,11/14/2025,Recipient TagID,This report documents confirmed pregnancies resulting from the bovine IVF and embryo transfer program executed by DayZee Farms (Pvt.) Ltd. All pregnancies listed in this report have been confirmed via ultrasound examination at the recorded DIP.,312,Pregnant,29,DIP,73.98
1,Summary ,32115,JDH Janos 709,32835,No,16,DIP,82.34
29,SM006,609/9,Recheck,DAM,Pregnant,73,11/5/2025,80.32
50,Beef Master,609/9,Pregnant,BrafordBBQ,SIRE,15,DIP,93.27
"1. Dam, sire, recipient tag ID, and embryo transfer dates are accurately documented for genetic traceability and commercial validation.",11/14/2025,609/9,This report documents confirmed pregnancies resulting from the bovine IVF and embryo transfer program executed by DayZee Farms (Pvt.) Ltd. All pregnancies listed in this report have been confirmed via ultrasound examination at the recorded DIP.,312,SM007,70,DIP,77.61
48,Summary ,67,MR V8 160/8,32093,8,51,DIP,85.5
25,Total,609/9,Status,32835,SM007,57,11/5/2025,69.5
34,12/3/2025,31518,Any Semen of Choice,230,JDH Janos Manso 709,57,DIP,72.05
2. This report serves as official delivery confirmation for the client’s IVF order.,Braford X,231,JDH Trevor 639,126,JDH Janos Manso 709,47,DIP,72.36
29,11/14/2025,825/4,Pregnant,281,6,35,DIP,93.88
6,12/12/2025,609/9,Karu Manso 800,Units,17-Jan-2026,7,DIP,92.79
44,Rosetta Mocha 2/4,820/4,TBD,281,8,82,11/5/2025,95.36
50,Total,231,JDH Trevor 639,48,No,79,DIP,68.66
25,Total,163,Prepared For,402,8,56,DIP,83.62
22,11/14/2025,362,SM007,223,JDH Janos Manso 709,26,DIP,96.38
52,12/12/2025,609/9,JDH Janos 709,237,17-Jan-2026,75,DIP,72.73
4,12/3/2025,825/4,This report documents confirmed pregnancies resulting from the bovine IVF and embryo transfer program executed by DayZee Farms (Pvt.) Ltd. All pregnancies listed in this report have been confirmed via ultrasound examination at the recorded DIP.,10,No,77,11/5/2025,76.33
4,Beef Master,820/4,F1 Gulabi,237,Sardar Fahad Qayyum,58,11/5/2025,79.41
4,12/12/2025,32115,IVF PREGNANCY REPORT,56,17-Jan-2026,17,11/5/2025,81.63
54,12/3/2025,163,Prepared On,10,Pregnant,33,DIP,85.45
35,12/17/2025,171,Any Semen of Choice,BrafordBBQ,17-Jan-2026,55,DIP,68.22
35,12/17/2025,32115,Status,SM006,SM007,44,DIP,95.84
2. This report serves as official delivery confirmation for the client’s IVF order.,Rosetta Mocha 2/4,765/4,Status,188,6,98,11/5/2025,85.99
54,12/17/2025,765/4,SIRE,4,No,39,11/5/2025,84.56
49,BRC Lorraine 402,362,Prepared For,312,6,36,DIP,84.38
34,SM006,163,Black Brahman ,32835,1,70,11/5/2025,72.66
23,Summary ,171,SM007,281,1,77,DIP,96.61
5,Beef Master,362,SM007,109,JDH Janos Manso 709,97,DIP,78.35
34,12/17/2025,362,MR V8 160/8,10,SIRE,49,11/5/2025,80.4
48,12/12/2025,163,TBD,10,6,10,DIP,69.31
36,11/14/2025,171,This report documents confirmed pregnancies resulting from the bovine IVF and embryo transfer program executed by DayZee Farms (Pvt.) Ltd. All pregnancies listed in this report have been confirmed via ultrasound examination at the recorded DIP.,95,8,90,DIP,88.13
8,11/13/2025,32115,This report documents confirmed pregnancies resulting from the bovine IVF and embryo transfer program executed by DayZee Farms (Pvt.) Ltd. All pregnancies listed in this report have been confirmed via ultrasound examination at the recorded DIP.,DAM,1,11,DIP,86.34
"3. Any further monitoring, calving guarantees, or post-confirmation services are governed by the agreed commercial terms.",DAM,597/9,Karu Manso 800,169,8,42,11/5/2025,82.97
6,SM006,163,Prepared On,1,17-Jan-2026,17,11/5/2025,90.85
42,12/17/2025,609/9,Black Brahman ,223,17-Jan-2026,61,DIP,72.26
34,12/3/2025,Recipient TagID,Gabru,202,Sardar Fahad Qayyum,93,DIP,77.89
7,Total,609/9,JDH Trevor 639,48,1,64,11/5/2025,70.93
29,SM006,909/9,TBD,4,JDH Janos Manso 709,8,DIP,83.13
3,DAM,163,Karu Manso 800,48,6,79,DIP,74.08
48,12/3/2025,31499,Recheck,48,SIRE,51,11/5/2025,81.84
"1. Dam, sire, recipient tag ID, and embryo transfer dates are accurately documented for genetic traceability and commercial validation.",Summary ,609/9,Prepared On,237,SIRE,35,11/5/2025,87.85
55,SM006,609/9,Black Brahman ,DAM,8,66,DIP,93.59
23,SM006,32115,Prepared For,32093,SIRE,39,11/5/2025,79.21
1,DAM,820/4,TBD,56,6,86,11/5/2025,80.01
31,12/3/2025,765/4,TBD,188,6,63,11/5/2025,71.62
22,Rosetta Mocha 2/4,31499,Recheck,79,SIRE,62,DIP,78.72
2. This report serves as official delivery confirmation for the client’s IVF order.,11/13/2025,32115,VL Rojo Whiskey 1/48,202,8,3,11/5/2025,84.38
4,Total,765/4,This report documents confirmed pregnancies resulting from the bovine IVF and embryo transfer program executed by DayZee Farms (Pvt.) Ltd. All pregnancies listed in this report have been confirmed via ultrasound examination at the recorded DIP.,188,No,65,DIP,68.21
2. This report serves as official delivery confirmation for the client’s IVF order.,SM006,31518,Pride of Maddox,109,Pregnant,56,DIP,92.5
7,Braford X,909/9,This report documents confirmed pregnancies resulting from the bovine IVF and embryo transfer program executed by DayZee Farms (Pvt.) Ltd. All pregnancies listed in this report have been confirmed via ultrasound examination at the recorded DIP.,32093,No,34,DIP,95.26
53,SM006,909/9,Any Semen of Choice,188,Pregnant,16,11/5/2025,86.6
49,Rosetta Mocha 2/4,Recipient TagID,Prepared For,226,Pregnant,95,11/5/2025,92.98
42,11/14/2025,765/4,Any Semen of Choice,32093,JDH Janos Manso 709,47,11/5/2025,84.48
8,SM006,362,Gabru,202,Pregnant,65,11/5/2025,80.34
3,ET Date,765/4,TBD,79,Sardar Fahad Qayyum,8,11/5/2025,68.71
Notes:,12/12/2025,32115,TBD,188,Sardar Fahad Qayyum,52,DIP,76.36
36,DAM,597/9,Pride of Maddox,Units,Sardar Fahad Qayyum,34,11/5/2025,89.33
52,12/3/2025,32115,Recheck,281,Sardar Fahad Qayyum,28,11/5/2025,84.31
2,SM006,67,IVF PREGNANCY REPORT,DAM,Pregnant,31,DIP,89.81
7,DAM,67,TBD,BrafordBBQ,8,55,DIP,83.96
37,Summary ,765/4,This report documents confirmed pregnancies resulting from the bovine IVF and embryo transfer program executed by DayZee Farms (Pvt.) Ltd. All pregnancies listed in this report have been confirmed via ultrasound examination at the recorded DIP.,10,Sardar Fahad Qayyum,39,DIP,92.23
1,Rosetta Mocha 2/4,765/4,VL Rojo Whiskey 1/48,32240,Sardar Fahad Qayyum,61,11/5/2025,85.73
Notes:,ET Date,820/4,Recheck,DAM,1,24,11/5/2025,76.69
"1. Dam, sire, recipient tag ID, and embryo transfer dates are accurately documented for genetic traceability and commercial validation.",11/13/2025,32115,SM007,281,17-Jan-2026,53,DIP,90.6
"3. Any further monitoring, calving guarantees, or post-confirmation services are governed by the agreed commercial terms.",ET Date,825/4,Prepared For,BrafordBBQ,SIRE,38,11/5/2025,83.74
23,12/3/2025,Recipient TagID,TBD,95,8,55,11/5/2025,92.48
4,12/3/2025,163,TBD,4,Sardar Fahad Qayyum,8,11/5/2025,75.61
47,ET Date,820/4,MR V8 160/8,230,SIRE,86,DIP,81.66
"3. Any further monitoring, calving guarantees, or post-confirmation services are governed by the agreed commercial terms.",ET Date,31518,F1 Gulabi,4,SM007,92,DIP,93.82
5,SM006,67,This report documents confirmed pregnancies resulting from the bovine IVF and embryo transfer program executed by DayZee Farms (Pvt.) Ltd. All pregnancies listed in this report have been confirmed via ultrasound examination at the recorded DIP.,48,17-Jan-2026,45,DIP,69.94
37,Total,31499,Prepared For,226,JDH Janos Manso 709,9,11/5/2025,72.01
2. This report serves as official delivery confirmation for the client’s IVF order.,DAM,909/9,MR V8 160/8,4,SIRE,58,11/5/2025,82.86
47,Summary ,231,Karu Manso 800,2,8,38,11/5/2025,84.91
"3. Any further monitoring, calving guarantees, or post-confirmation services are governed by the agreed commercial terms.",12/12/2025,362,This report documents confirmed pregnancies resulting from the bovine IVF and embryo transfer program executed by DayZee Farms (Pvt.) Ltd. All pregnancies listed in this report have been confirmed via ultrasound examination at the recorded DIP.,10,SM007,85,DIP,82.65
53,Beef Master,171,JDH Trevor 639,4,No,78,11/5/2025,77.01
53,11/13/2025,597/9,Gabru,48,1,17,11/5/2025,95.16
55,Rosetta Mocha 2/4,820/4,SIRE,281,No,69,DIP,79.4
7,12/3/2025,67,Prepared On,79,SM007,16,DIP,85.15
42,Rosetta Mocha 2/4,597/9,IVF PREGNANCY REPORT,230,JDH Janos Manso 709,2,11/5/2025,76.1
31,Beef Master,609/9,JDH Janos 709,31890,Sardar Fahad Qayyum,88,DIP,74.68
35,Summary ,171,Status,BrafordBBQ,Sardar Fahad Qayyum,92,11/5/2025,82.38
2. This report serves as official delivery confirmation for the client’s IVF order.,Rosetta Mocha 2/4,609/9,Any Semen of Choice,BrafordBBQ,1,76,DIP,68.25
44,Total,163,Karu Manso 800,SM006,SIRE,12,11/5/2025,74.83
"3. Any further monitoring, calving guarantees, or post-confirmation services are governed by the agreed commercial terms.",Total,67,This report documents confirmed pregnancies resulting from the bovine IVF and embryo transfer program executed by DayZee Farms (Pvt.) Ltd. All pregnancies listed in this report have been confirmed via ultrasound examination at the recorded DIP.,237,JDH Janos Manso 709,99,11/5/2025,80.33
1,11/13/2025,597/9,JDH Janos 709,32835,Sardar Fahad Qayyum,25,DIP,96.0
50,11/14/2025,820/4,Prepared For,10,JDH Janos Manso 709,91,11/5/2025,94.37
55,11/13/2025,31499,Any Semen of Choice,281,8,85,DIP,76.02
Notes:,Total,597/9,Status,109,SM007,77,11/5/2025,72.0
42,ET Date,909/9,JDH Janos 709,4,8,56,DIP,82.4
55,Beef Master,909/9,This report documents confirmed pregnancies resulting from the bovine IVF and embryo transfer program executed by DayZee Farms (Pvt.) Ltd. All pregnancies listed in this report have been confirmed via ultrasound examination at the recorded DIP.,2,8,53,DIP,94.16
Sr. No,12/17/2025,612,VL Rojo Whiskey 1/48,1,SM007,84,DIP,77.7
47,BRC Lorraine 402,597/9,Status,1,No,16,11/5/2025,82.05
47,12/12/2025,362,Gabru,202,6,38,DIP,85.2
"1. Dam, sire, recipient tag ID, and embryo transfer dates are accurately documented for genetic traceability and commercial validation.",12/3/2025,909/9,Black Brahman ,226,6,2,DIP,88.82
"3. Any further monitoring, calving guarantees, or post-confirmation services are governed by the agreed commercial terms.",12/17/2025,163,SM007,6,Pregnant,97,DIP,80.2
52,Rosetta Mocha 2/4,31518,MR V8 160/8,32240,No,52,11/5/2025,75.91
2,DAM,825/4,This report documents confirmed pregnancies resulting from the bovine IVF and embryo transfer program executed by DayZee Farms (Pvt.) Ltd. All pregnancies listed in this report have been confirmed via ultrasound examination at the recorded DIP.,109,JDH Janos Manso 709,17,DIP,82.8
35,12/12/2025,820/4,Black Brahman ,56,8,64,11/5/2025,96.18
2. This report serves as official delivery confirmation for the client’s IVF order.,Beef Master,67,Recheck,109,SIRE,69,DIP,76.88
34,Braford X,171,Status,Units,SIRE,40,DIP,72.12
"3. Any further monitoring, calving guarantees, or post-confirmation services are governed by the agreed commercial terms.",ET Date,67,Any Semen of Choice,126,Sardar Fahad Qayyum,12,11/5/2025,93.15
5,Rosetta Mocha 2/4,765/4,Pride of Maddox,75,Pregnant,13,DIP,77.38
55,12/3/2025,231,Pride of Maddox,226,6,77,DIP,86.17
22,12/17/2025,31499,MR V8 160/8,10,17-Jan-2026,16,11/5/2025,70.23
55,11/14/2025,163,F1 Gulabi,75,JDH Janos Manso 709,65,11/5/2025,87.19
35,Summary ,163,Status,95,JDH Janos Manso 709,98,11/5/2025,85.95
Notes:,Beef Master,31499,Any Semen of Choice,56,17-Jan-2026,15,DIP,69.84
37,SM006,163,VL Rojo Whiskey 1/48,226,JDH Janos Manso 709,8,DIP,83.11
42,12/12/2025,231,SM007,48,SIRE,84,11/5/2025,85.18
50,Total,825/4,F1 Gulabi,230,Sardar Fahad Qayyum,4,11/5/2025,96.03
2. This report serves as official delivery confirmation for the client’s IVF order.,11/13/2025,362,Prepared For,281,SM007,63,11/5/2025,86.5
44,12/12/2025,612,VL Rojo Whiskey 1/48,32835,JDH Janos Manso 709,88,11/5/2025,83.88
3,Total,171,MR V8 160/8,2,1,62,DIP,81.9
5,12/17/2025,765/4,F1 Gulabi,32240,6,29,DIP,79.79
1,Braford X,765/4,TBD,169,No,16,11/5/2025,71.45
2,Total,597/9,SM007,169,JDH Janos Manso 709,10,11/5/2025,73.94
Notes:,11/13/2025,67,Status,126,JDH Janos Manso 709,69,DIP,80.57
22,12/17/2025,67,Status,4,SIRE,74,11/5/2025,75.34
47,12/3/2025,32115,MR V8 160/8,223,JDH Janos Manso 709,94,11/5/2025,95.73
Sr. No,12/17/2025,Recipient TagID,This report documents confirmed pregnancies resulting from the bovine IVF and embryo transfer program executed by DayZee Farms (Pvt.) Ltd. All pregnancies listed in this report have been confirmed via ultrasound examination at the recorded DIP.,56,1,28,11/5/2025,87.48
23,Beef Master,31499,JDH Janos 709,79,8,30,DIP,87.08
"1. Dam, sire, recipient tag ID, and embryo transfer dates are accurately documented for genetic traceability and commercial validation.",Total,67,Pregnant,188,SIRE,56,DIP,95.03
22,Braford X,Recipient TagID,TBD,75,17-Jan-2026,4,DIP,69.54
Notes:,ET Date,362,Pride of Maddox,126,SM007,33,11/5/2025,72.48
8,12/3/2025,612,Pride of Maddox,202,JDH Janos Manso 709,29,11/5/2025,69.27
44,Total,Recipient TagID,MR V8 160/8,169,Pregnant,26,DIP,75.87
8,BRC Lorraine 402,31499,IVF PREGNANCY REPORT,6,Sardar Fahad Qayyum,22,11/5/2025,83.03
48,Beef Master,31499,JDH Janos 709,SM006,Pregnant,97,DIP,96.6
49,DAM,31518,JDH Trevor 639,SM006,SIRE,17,11/5/2025,93.17
2,11/13/2025,609/9,TBD,2,1,29,11/5/2025,89.59
23,BRC Lorraine 402,825/4,TBD,169,17-Jan-2026,95,11/5/2025,91.08
6,DAM,Recipient TagID,This report documents confirmed pregnancies resulting from the bovine IVF and embryo transfer program executed by DayZee Farms (Pvt.) Ltd. All pregnancies listed in this report have been confirmed via ultrasound examination at the recorded DIP.,BrafordBBQ,JDH Janos Manso 709,73,11/5/2025,79.56
35,SM006,31499,Pride of Maddox,32240,SM007,66,DIP,77.32
47,12/3/2025,31518,Status,10,6,88,11/5/2025,80.76
52,Total,765/4,Prepared On,169,No,94,11/5/2025,74.38
1,12/3/2025,Recipient TagID,F1 Gulabi,1,8,38,DIP,83.22
5,Rosetta Mocha 2/4,163,Recheck,31890,1,92,DIP,78.25
22,SM006,171,Pride of Maddox,169,6,36,11/5/2025,90.15
37,Beef Master,820/4,VL Rojo Whiskey 1/48,79,No,92,11/5/2025,96.01
53,11/14/2025,163,Pride of Maddox,32835,JDH Janos Manso 709,28,DIP,69.92
55,Beef Master,765/4,This report documents confirmed pregnancies resulting from the bovine IVF and embryo transfer program executed by DayZee Farms (Pvt.) Ltd. All pregnancies listed in this report have been confirmed via ultrasound examination at the recorded DIP.,BrafordBBQ,Pregnant,92,DIP,75.21
Notes:,Braford X,612,This report documents confirmed pregnancies resulting from the bovine IVF and embryo transfer program executed by DayZee Farms (Pvt.) Ltd. All pregnancies listed in this report have been confirmed via ultrasound examination at the recorded DIP.,2,6,29,11/5/2025,76.79
48,12/12/2025,909/9,IVF PREGNANCY REPORT,2,SM007,85,11/5/2025,80.61
23,Beef Master,609/9,Pregnant,223,No,28,DIP,74.49
31,12/12/2025,609/9,Status,237,8,26,DIP,82.31
7,12/12/2025,231,Any Semen of Choice,237,Sardar Fahad Qayyum,8,11/5/2025,85.37
5,DAM,612,JDH Trevor 639,402,8,51,11/5/2025,93.58
55,DAM,909/9,Pregnant,226,6,15,DIP,68.75
5,Rosetta Mocha 2/4,362,F1 Gulabi,312,1,91,11/5/2025,87.68
52,12/17/2025,231,SIRE,32240,SM007,52,11/5/2025,68.12
25,Beef Master,362,Prepared For,32835,Sardar Fahad Qayyum,35,11/5/2025,69.85
"3. Any further monitoring, calving guarantees, or post-confirmation services are governed by the agreed commercial terms.",DAM,597/9,Status,48,8,17,11/5/2025,96.66
42,BRC Lorraine 402,31499,JDH Trevor 639,75,1,63,11/5/2025,96.97
Notes:,Total,31499,JDH Janos 709,2,JDH Janos Manso 709,91,11/5/2025,73.35
47,Braford X,32115,Pregnant,32835,8,96,11/5/2025,78.18
31,12/3/2025,31518,Prepared For,223,17-Jan-2026,39,11/5/2025,90.18
Notes:,12/12/2025,609/9,JDH Trevor 639,Units,1,14,DIP,85.09
1,SM006,825/4,Pride of Maddox,1,1,97,11/5/2025,88.38
23,12/17/2025,820/4,Pregnant,32835,JDH Janos Manso 709,76,11/5/2025,84.42
5,SM006,909/9,IVF PREGNANCY REPORT,32240,JDH Janos Manso 709,12,11/5/2025,95.31
47,BRC Lorraine 402,909/9,Pregnant,2,SM007,48,11/5/2025,80.83
37,12/17/2025,597/9,F1 Gulabi,56,JDH Janos Manso 709,3,11/5/2025,88.3
25,Total,825/4,Status,226,Sardar Fahad Qayyum,40,DIP,76.46
"3. Any further monitoring, calving guarantees, or post-confirmation services are governed by the agreed commercial terms.",12/12/2025,612,Prepared On,230,SIRE,61,11/5/2025,87.5
Notes:,ET Date,609/9,Prepared For,226,Pregnant,31,11/5/2025,87.97
29,Braford X,362,Pride of Maddox,169,SIRE,28,11/5/2025,72.3
36,12/12/2025,825/4,Gabru,56,SIRE,55,DIP,82.88
34,12/12/2025,31518,SIRE,223,Pregnant,66,DIP,74.98
37,BRC Lorraine 402,362,Any Semen of Choice,230,JDH Janos Manso 709,91,DIP,80.13
42,12/17/2025,597/9,SM007,402,SM007,60,DIP,76.12
47,12/3/2025,31499,JDH Trevor 639,312,JDH Janos Manso 709,49,DIP,79.8
47,SM006,163,Pregnant,56,SM007,86,DIP,70.39
Sr. No,12/3/2025,765/4,Status,237,SM007,4,DIP,94.58
52,Rosetta Mocha 2/4,231,JDH Trevor 639,31890,17-Jan-2026,100,DIP,91.85
25,Summary ,31518,Karu Manso 800,48,8,74,DIP,95.94
37,BRC Lorraine 402,231,TBD,75,No,67,DIP,68.62
"1. Dam, sire, recipient tag ID, and embryo transfer dates are accurately documented for genetic traceability and commercial validation.",Rosetta Mocha 2/4,231,Recheck,DAM,6,27,11/5/2025,69.28
2,12/12/2025,362,VL Rojo Whiskey 1/48,4,6,10,11/5/2025,95.33
22,SM006,32115,IVF PREGNANCY REPORT,402,Sardar Fahad Qayyum,80,11/5/2025,74.41
29,Braford X,Recipient TagID,Gabru,202,8,33,11/5/2025,84.64
55,Braford X,597/9,Karu Manso 800,Units,Pregnant,35,11/5/2025,85.49
6,ET Date,597/9,Pride of Maddox,79,SIRE,76,DIP,88.14
29,SM006,171,Gabru,4,6,55,11/5/2025,85.66
Notes:,12/17/2025,362,Status,56,1,48,DIP,83.31
53,BRC Lorraine 402,825/4,Karu Manso 800,202,6,68,DIP,84.5
31,BRC Lorraine 402,67,Prepared On,BrafordBBQ,Sardar Fahad Qayyum,13,11/5/2025,94.88
49,12/3/2025,171,TBD,Units,1,35,DIP,88.56
37,DAM,231,F1 Gulabi,Units,1,46,DIP,73.98
48,12/17/2025,820/4,MR V8 160/8,56,6,23,11/5/2025,89.64
7,Beef Master,32115,IVF PREGNANCY REPORT,75,17-Jan-2026,8,DIP,75.08
"3. Any further monitoring, calving guarantees, or post-confirmation services are governed by the agreed commercial terms.",Rosetta Mocha 2/4,765/4,TBD,SM006,17-Jan-2026,66,11/5/2025,94.2
5,BRC Lorraine 402,820/4,IVF PREGNANCY REPORT,202,SIRE,56,11/5/2025,77.79
52,12/12/2025,362,JDH Janos 709,281,1,40,DIP,91.68
35,BRC Lorraine 402,32115,Pregnant,237,Sardar Fahad Qayyum,68,DIP,70.98
55,BRC Lorraine 402,362,F1 Gulabi,169,JDH Janos Manso 709,12,11/5/2025,70.64
3,BRC Lorraine 402,31518,Pride of Maddox,48,No,20,DIP,70.04
34,12/12/2025,31499,TBD,4,1,4,DIP,96.99
1,11/13/2025,909/9,Status,202,SIRE,71,11/5/2025,87.37
2,12/17/2025,765/4,JDH Trevor 639,223,No,88,11/5/2025,90.7
50,DAM,67,Any Semen of Choice,1,8,66,DIP,79.01
52,ET Date,231,Pregnant,6,1,100,DIP,76.23
25,Summary ,32115,Pride of Maddox,79,1,36,11/5/2025,81.83
